근육명,,증상명,원인내용
내측익상근 ,,"입을 크게 벌리거나, 씹을 때 아프다","머리가 몸보다 앞으로 나간 자세, 엄지 손가락 빠는 습관, 껌을 심하게 씹는 경우, 이를 가는 경우, 이를 꽉 다물고 있는 경우, 정신적인 긴장, 외측 익상근에 대한 이차적인 통증유발점 발생"
승모근,,어깨에 걸친 무거운 옷을 견디기 어렵다,"양쪽 다리 길이에 차이가 있을 때, 한쪽 골반이 작을 때, 자동차 사고 때 목이 휘청한 경우(편타성 손상), 길이가 너무 긴 지팡이를 사용하는 경우, 컴퓨터 자판이 너무 높을 때, 무거운 물건을 오래 들었을 때, 젖가슴이 큰 여성이 좁은 어깨끈의 브라를 했을 때, 무거운 코트를 입었을 때, 전화 수화기를 어깨와 턱사이에 고이고 전화를 하였을 때, 옆에 있는 사람과 대화를 하기 위해 오랫동안 고개를 옆으로 돌리고 있는 경우"
승모근,,목이 뻣뻣하다,"양쪽 다리 길이에 차이가 있을 때, 한쪽 골반이 작을 때, 자동차 사고 때 목이 휘청한 경우(편타성 손상), 길이가 너무 긴 지팡이를 사용하는 경우, 컴퓨터 자판이 너무 높을 때, 무거운 물건을 오래 들었을 때, 젖가슴이 큰 여성이 좁은 어깨끈의 브라를 했을 때, 무거운 코트를 입었을 때, 전화 수화기를 어깨와 턱사이에 고이고 전화를 하였을 때, 옆에 있는 사람과 대화를 하기 위해 오랫동안 고개를 옆으로 돌리고 있는 경우"
경판상근,,눈이 아프다,"머리와 목을 뒤로 힘들여 제치거나 돌리고 있을 때, 머리와 목을 앞으로 많이 내밀고 있을 때, 소파의 팔걸이를 베고 고개를 구부린채 잠을 잔 경우, 찬바람에 뒷목이 노출되었을 때, 등산을 하면서 머리를 앞으로 내밀면서 돌린 채로 로프를 잡아당길 때"
두반극근 ,,머리와 목을 숙여서 고개를 돌리면 돌아가는 범위가 제한되면서 아프다,"교통사고나 수영장에서 다이빙을 하다가 머리를 부딪치는 경우, 오랫동안 고개를 숙이고 있는 경우, 엎드려서 텔레비전을 보는 경우, 무거운 코트의 단단한 목칼라가 목을 누르는 경우, 바느질을 하거나, 책을 읽거나 글을 쓰고, 컴퓨터를 다루면서 계속 목을 앞으로 숙이고 있을 때"
악이복근,,혀가 아프다,"이를 가는 경우, 축농증이나 알레르기성 비염으로 코가 막혀서 입으로 숨을 쉬는 경우, 편타성 손상"
경반극근 ,,머리와 목을 숙여서 고개를 돌리면 돌아가는 범위가 제한되면서 아프다,"교통사고나 수영장에서 다이빙을 하다가 머리를 부딪치는 경우, 오랫동안 고개를 숙이고 있는 경우, 엎드려서 텔레비전을 보는 경우, 무거운 코트의 단단한 목칼라가 목을 누르는 경우, 바느질을 하거나, 책을 읽거나 글을 쓰고, 컴퓨터를 다루면서 계속 목을 앞으로 숙이고 있을 때"
다열근,,뒷 머리가 아파서 베개를 벨 수 없다,"교통사고나 수영장에서 다이빙을 하다가 머리를 부딪치는 경우, 오랫동안 고개를 숙이고 있는 경우, 엎드려서 텔레비전을 보는 경우, 무거운 코트의 단단한 목칼라가 목을 누르는 경우, 바느질을 하거나, 책을 읽거나 글을 쓰고, 컴퓨터를 다루면서 계속 목을 앞으로 숙이고 있을 때"
후두하근 ,,고개가 다 돌아가지 않는다,"엎드려서 팔꿈치를 고이고 텔레비전을 보는 경우, 머리를 뒤로 제친 상태에서 목을 앞으로 내민 자세, 고개를 들어 위를 보는 경우, 목의 뒤부분이 찬바람에 노출된 경우"
견갑거근 ,,숨이 찬다,"고개를 돌려 옆에 있는 원고를 보면서 키보드를 치는 경우, 전화를 오래 거는 경우, 무거운 가방을 들 때, 고개를 한쪽으로 숙이고 잠을 잔 경우, 세상의 무게가 어깨를 누르는 것 같은 정신적인 스트레스, 의자에 앉아 높은 팔걸이에 팔을 얹고 있는 경우, "
사각근 ,,잠을 설친다,"직접적인 외상, 무거운 것을 들었을 때, 수영 시합을 하였을 때, 커다란 물건 옮기기, 갑작스럽게 심한 기침을 하였을 때, 편타성 손상, 양쪽 다리 길이에 차이가 있거나 골반의 크기가 달라서  어깨의 높이가 다른 경우"
극상근,,쉬고 있는 동안에 어깨 옆이 아프다,"무거운 물건 옮기기, 질퍽한 논에서 경운기를 사용하는 경우, 팔을 뻗어서 물건을 어깨 높이로 들어 올릴 때"
극상근,,어깨가 뻣뻣하다,"무거운 물건 옮기기, 질퍽한 논에서 경운기를 사용하는 경우, 팔을 뻗어서 물건을 어깨 높이로 들어 올릴 때"
극상근,,어깨 관절에서 소리가 난다,"무거운 물건 옮기기, 질퍽한 논에서 경운기를 사용하는 경우, 팔을 뻗어서 물건을 어깨 높이로 들어 올릴 때"
극하근,,바지의 뒤 주머니에 손을 넣지 못한다,"팔을 위와 뒤로 뻗어서 침대 밑의 전등에 손을 뻗었을 때, 처음 스케이트를 타는 사람을 끌고 다녔을 때, 긴 막대를 많이 지쳤을 때"
극하근,,아픈 부분에서 땀이 난다,"팔을 위와 뒤로 뻗어서 침대 밑의 전등에 손을 뻗었을 때, 처음 스케이트를 타는 사람을 끌고 다녔을 때, 긴 막대를 많이 지쳤을 때"
극하근,,어깨를 안쪽으로 웅크리기 힘들다,"팔을 위와 뒤로 뻗어서 침대 밑의 전등에 손을 뻗었을 때, 처음 스케이트를 타는 사람을 끌고 다녔을 때, 긴 막대를 많이 지쳤을 때"
극하근,,주먹 쥔 힘이 약하다,"팔을 위와 뒤로 뻗어서 침대 밑의 전등에 손을 뻗었을 때, 처음 스케이트를 타는 사람을 끌고 다녔을 때, 긴 막대를 많이 지쳤을 때"
안윤근 ,,글자에 집중하기 어렵다,"습관적으로 얼굴 찡그리기, 사시가 있는 경우"
활배근,,큰 물건을 머리위의 선반에 올려놓으려 할 때 아프다,"팔을 몸에 붙인 상태로 손으로 체중을 지지한 경우, 무거운 물건을 잡아 당길 때, 야구공 던지기, 잡초를 뽑기 위해 비틀 때, 가슴을 브라가 꽉 조이는 경우, 높이가 낮은 의자에서 일어나면서 팔로 몸을 들어 올렸을 때"
대원근 ,,테니스 서비스 할 때 아프다,운전대가 빡빡한 차를 운전하였 때(운전대를 내려 돌릴 때)
견갑하근 ,,어깨를 옆으로 돌리기 어렵다,"수영(자유형)을 하거나 야구공을 던지면서 팔을 많이 사용하였을 때, 어린 아이를 들어서 머리위와 다리 가랭이 사이로 왔다 갔다 흔드는 경우, 견관절의 탈구, 넘어지지 않으려고 어깨를 뒤로 제쳤을 때, 상완골의 원위부에 골절이 있을 때, 겨드랑이가 붙은 채로 팔을 오랫동안 움직이지 못하도록 하였을 때"
견갑하근 ,,쉴 때나 활동할 때 어깨 뒷부분 모두 아프다,"수영(자유형)을 하거나 야구공을 던지면서 팔을 많이 사용하였을 때, 어린 아이를 들어서 머리위와 다리 가랭이 사이로 왔다 갔다 흔드는 경우, 견관절의 탈구, 넘어지지 않으려고 어깨를 뒤로 제쳤을 때, 상완골의 원위부에 골절이 있을 때, 겨드랑이가 붙은 채로 팔을 오랫동안 움직이지 못하도록 하였을 때"
견갑하근 ,,팔을 옆으로 들어올릴 때 어깨가 제한된다.,"수영(자유형)을 하거나 야구공을 던지면서 팔을 많이 사용하였을 때, 어린 아이를 들어서 머리위와 다리 가랭이 사이로 왔다 갔다 흔드는 경우, 견관절의 탈구, 넘어지지 않으려고 어깨를 뒤로 제쳤을 때, 상완골의 원위부에 골절이 있을 때, 겨드랑이가 붙은 채로 팔을 오랫동안 움직이지 못하도록 하였을 때"
삼각근,,팔을 앞-옆으로 들어 올릴 때 아프다,"사격을 할 때 반복되는 반동과 같은 유형의 반동, 넘어지면서 난간을 잡았을 때, 어깨 높이에서 오랫동안 물건 들고 있을 때, 어깨 높이보다 높은 곳에서 작업을 한 경우 "
삼각근,,팔을 옆으로 들기 어렵다,"사격을 할 때 반복되는 반동과 같은 유형의 반동, 넘어지면서 난간을 잡았을 때, 어깨 높이에서 오랫동안 물건 들고 있을 때, 어깨 높이보다 높은 곳에서 작업을 한 경우 "
외사복근,,지속적으로 통증이 나타난다. 통증은 움직임과 관계있고 음식을 먹거나 배변을 하는 것과는 상관이 없다,"기생충이 내장에 서식하는 경우와 같은 내장의 질환, 맹장염이나 자궁에 대한 수술을 하였을 경우, 정서적으로 긴장한 경우, 원반던지기 같이 몸을 회전시키는 운동을 하였을 때, 책상에 앉아서 몸을 지속적으로 돌린 상태로 있는 경우"
복직근,,지속적으로 통증이 나타난다. 통증은 움직임과 관계있고 음식을 먹거나 배변을 하는 것과는 상관이 없다,"기생충이 내장에 서식하는 경우와 같은 내장의 질환, 맹장염이나 자궁에 대한 수술을 하였을 경우, 정서적으로 긴장한 경우, 윗몸일으키기를 많이 한 경우, 추위에 노출된 경우, 변비가 있을 때, 앉아서 몸을 앞으로 구부리고 있을 때"
요추능형근,,종아리에 쥐가 난다,"아이나 무거운 물건을 이상한 자세로 들 때, 자동차에서 내리려고 의자에서 일어나던 중, 엉거주춤하게 서서 바지를 입는 도중, 교통사고를 당했을 경우, 활동 중에 반복해서 접질린 때, 한쪽 다리에 석고붕대를 하여 다리 길이에 차이가 생겼을 때, 한쪽 골반이 작은 경우, 많이 푹신한 침대를 사용한 경우, 앞에 기대지 않은 채로 허리를 숙인 경우"
요추능형근,,앞으로 구부리기나 몸통 돌리기가 어렵다,"아이나 무거운 물건을 이상한 자세로 들 때, 자동차에서 내리려고 의자에서 일어나던 중, 엉거주춤하게 서서 바지를 입는 도중, 교통사고를 당했을 경우, 활동 중에 반복해서 접질린 때, 한쪽 다리에 석고붕대를 하여 다리 길이에 차이가 생겼을 때, 한쪽 골반이 작은 경우, 많이 푹신한 침대를 사용한 경우, 앞에 기대지 않은 채로 허리를 숙인 경우"
요추능형근,,앉거나 서서 기대지 않고 몸을 바로 해서 체중 부하가 되면 통증이 극심하게 나타난다,"아이나 무거운 물건을 이상한 자세로 들 때, 자동차에서 내리려고 의자에서 일어나던 중, 엉거주춤하게 서서 바지를 입는 도중, 교통사고를 당했을 경우, 활동 중에 반복해서 접질린 때, 한쪽 다리에 석고붕대를 하여 다리 길이에 차이가 생겼을 때, 한쪽 골반이 작은 경우, 많이 푹신한 침대를 사용한 경우, 앞에 기대지 않은 채로 허리를 숙인 경우"
요추능형근,,고관절 부위가 무겁게 느껴진다,"아이나 무거운 물건을 이상한 자세로 들 때, 자동차에서 내리려고 의자에서 일어나던 중, 엉거주춤하게 서서 바지를 입는 도중, 교통사고를 당했을 경우, 활동 중에 반복해서 접질린 때, 한쪽 다리에 석고붕대를 하여 다리 길이에 차이가 생겼을 때, 한쪽 골반이 작은 경우, 많이 푹신한 침대를 사용한 경우, 앞에 기대지 않은 채로 허리를 숙인 경우"
요추능형근,,누운 자세나 의자에서 일어나기 어렵다,"아이나 무거운 물건을 이상한 자세로 들 때, 자동차에서 내리려고 의자에서 일어나던 중, 엉거주춤하게 서서 바지를 입는 도중, 교통사고를 당했을 경우, 활동 중에 반복해서 접질린 때, 한쪽 다리에 석고붕대를 하여 다리 길이에 차이가 생겼을 때, 한쪽 골반이 작은 경우, 많이 푹신한 침대를 사용한 경우, 앞에 기대지 않은 채로 허리를 숙인 경우"
요추능형근,,고환이나 사타구니가 아프다,"아이나 무거운 물건을 이상한 자세로 들 때, 자동차에서 내리려고 의자에서 일어나던 중, 엉거주춤하게 서서 바지를 입는 도중, 교통사고를 당했을 경우, 활동 중에 반복해서 접질린 때, 한쪽 다리에 석고붕대를 하여 다리 길이에 차이가 생겼을 때, 한쪽 골반이 작은 경우, 많이 푹신한 침대를 사용한 경우, 앞에 기대지 않은 채로 허리를 숙인 경우"
요추능형근,,자고 일어나면 기어서 화장실에 간다.,"아이나 무거운 물건을 이상한 자세로 들 때, 자동차에서 내리려고 의자에서 일어나던 중, 엉거주춤하게 서서 바지를 입는 도중, 교통사고를 당했을 경우, 활동 중에 반복해서 접질린 때, 한쪽 다리에 석고붕대를 하여 다리 길이에 차이가 생겼을 때, 한쪽 골반이 작은 경우, 많이 푹신한 침대를 사용한 경우, 앞에 기대지 않은 채로 허리를 숙인 경우"
장요근 ,,똑바로 서 있으면 허리통증이 심해진다,"운전석에 앉는 것처럼 고관절을 많이 구부리고 오래 앉아 있을 때, 쪼그리고 잠을 잔 경우, 임신, 일어났다 앉았다를 반복한 경우, 다리 길이가 차이나는 경우"
경판상근,,목이 뻣뻣하다,"머리와 목을 뒤로 힘들여 제치거나 돌리고 있을 때, 머리와 목을 앞으로 많이 내밀고 있을 때, 소파의 팔걸이를 베고 고개를 구부린채 잠을 잔 경우, 찬바람에 뒷목이 노출되었을 때, 등산을 하면서 머리를 앞으로 내밀면서 돌린 채로 로프를 잡아당길 때"
대둔근,,자유형으로 수영을 할 때 엉덩이 부위의 통증이 심해진다,"주저 앉았을 때, 몸을 앞으로 구부리고 언덕을 오랫동안 올라갈 때, 자극성 약물의 근육 주사를 맞았을 때, 수영(자유형)을 하였을 때, 무릎은 펴고 약간 뒤로 기대어 오랫동안 앉아 있을 때, 바지 뒷주머니에 지갑을 넣은 채로 앉았을 때, 엄지 발가락의 중족지골이 짧을 때"
중둔근,,아픈 쪽으로 눕기 어렵다,"갑자기 주저 앉았을 때, 달리기, 장시간의 테니스, 에어로빅, 모래사장을 오래 걷는 등의 스포츠 손상, 한 쪽 다리로 오래 서있을 때, 둘째 발가락의 중족지골이 길 때, 천장관절이 어긋났을 때, 쪼그리고 잠을 잤을 경우, 바지 뒷주머니에 지갑을 넣은 채로 앉았을 때"
중둔근,,걸으면 아프다,"갑자기 주저 앉았을 때, 달리기, 장시간의 테니스, 에어로빅, 모래사장을 오래 걷는 등의 스포츠 손상, 한 쪽 다리로 오래 서있을 때, 둘째 발가락의 중족지골이 길 때, 천장관절이 어긋났을 때, 쪼그리고 잠을 잤을 경우, 바지 뒷주머니에 지갑을 넣은 채로 앉았을 때"
소둔근,,아픈 쪽으로 눕기 어렵다,"주저 앉기, 먼거리를 빨리 걷기, 무리한 달리기, 오랫동안 움직이지 않았을 때, 천장관절에 이상이 있을 때, 양발을 모으고 서있는 경우, 바지 뒷주머니에 지갑을 넣은 채로 앉았을 때, 척추 후궁절제술을 한 후에 통증이 남아있는 경우는 신경근병증에 의해서 활성화된 것이다"
소둔근,,내가 그린 통증 부위가 계속해서 아프다,"주저 앉기, 먼거리를 빨리 걷기, 무리한 달리기, 오랫동안 움직이지 않았을 때, 천장관절에 이상이 있을 때, 양발을 모으고 서있는 경우, 바지 뒷주머니에 지갑을 넣은 채로 앉았을 때, 척추 후궁절제술을 한 후에 통증이 남아있는 경우는 신경근병증에 의해서 활성화된 것이다"
경판상근,,눈이 침침하다,"머리와 목을 뒤로 힘들여 제치거나 돌리고 있을 때, 머리와 목을 앞으로 많이 내밀고 있을 때, 소파의 팔걸이를 베고 고개를 구부린채 잠을 잔 경우, 찬바람에 뒷목이 노출되었을 때, 등산을 하면서 머리를 앞으로 내밀면서 돌린 채로 로프를 잡아당길 때"
이상근 ,,앉거나 활동을 하면 통증이 심해진다,"쪼그려 앉으면서 다리 가랭이 사이에 큰 물건을 내려 놓을 때, 무거운 물건을 들기 위해서 허리를 구부린 채로 옆으로 비틀었을 때, 누워서 고관절을 구부린 채 다리를 벌리고 있는 경우, 둔부에 대한 직접적인 타박상, 운전을 하면서 가속 패달을 오랫동안 밟고 있을 때, 골반내 염증이 있을 때, 고관절에 관절염이 있을 때"
이상근 ,,아픈 쪽 다리가 붓는다,"쪼그려 앉으면서 다리 가랭이 사이에 큰 물건을 내려 놓을 때, 무거운 물건을 들기 위해서 허리를 구부린 채로 옆으로 비틀었을 때, 누워서 고관절을 구부린 채 다리를 벌리고 있는 경우, 둔부에 대한 직접적인 타박상, 운전을 하면서 가속 패달을 오랫동안 밟고 있을 때, 골반내 염증이 있을 때, 고관절에 관절염이 있을 때"
봉장근,,넓적다리의 앞부분에 감각이 이상하다,평발인 경우
치골근 ,,다리를 옆으로 벌리기 어렵다,"오토바이를 타면서 발대신 넓적다리로 오토바이를 감싸는 경우, 대퇴골의 목 부분에 골절이 있을 때, 고관절의 관절염이 심할 때, 다리 길이가 다를 때, 다리를 꼬고 앉아있을 때"
대퇴직근 ,,계단을 내려갈 때 다리에 힘이 없다,"당뇨 환자가 다리에 인슐린 주사를 맞았을 때, 계단을 내려가면서 다리를 헛 디뎠을 때, 운동을 하면서 무릎을 많이 구부리는 경우, 무릎(넓적다리) 위에 무거운 물건을 놓고 오래 앉아 있을 때, 한발을 엉덩이 밑에 깔고 앉을 때, 고관절 골절이 있을 때 "
내측광근,,울퉁불퉁한 길을 걷다가 무릎에 힘이 빠져 휘청한다,"당뇨 환자가 다리에 인슐린 주사를 맞았을 때, 계단을 내려가면서 다리를 헛 디뎠을 때, 운동을 하면서 무릎을 많이 구부리는 경우, 무릎(넓적다리) 위에 무거운 물건을 놓고 오래 앉아 있을 때, 한발을 엉덩이 밑에 깔고 앉을 때, 평발인 경우, 달리기, 축구 등을 하면서 발이 과도하게 발이 내전되었을 때, 안전벨트를 하지 않은 상태에서 자동차 사고를 당하여 무릎을 앞쪽에 찧었을 때, 단단한 바닥에 무릎 꿇고 앉아 있을 때 "
중간광근 ,,무릎이 휘청한다,"당뇨 환자가 다리에 인슐린 주사를 맞았을 때, 계단을 내려가면서 다리를 헛 디뎠을 때, 운동을 하면서 무릎을 많이 구부리는 경우, 무릎(넓적다리) 위에 무거운 물건을 놓고 오래 앉아 있을 때, 한발을 엉덩이 밑에 깔고 앉을 때, 다른 광근의 2차 유발점"
중간광근 ,,무릎을 쭉 뻗기 어렵다,"당뇨 환자가 다리에 인슐린 주사를 맞았을 때, 계단을 내려가면서 다리를 헛 디뎠을 때, 운동을 하면서 무릎을 많이 구부리는 경우, 무릎(넓적다리) 위에 무거운 물건을 놓고 오래 앉아 있을 때, 한발을 엉덩이 밑에 깔고 앉을 때, 다른 광근의 2차 유발점"
비복근,,밤에 종아리에 쥐가 난다,"급경사길을 걷거나 달려서 올라갔을 때, 안장이 낮은 자전거를 탔을 때, 발목이나 다리의 골절이 있을 때, 양말 입구의 고무가 근육을 누르는 경우, 굽이 높은 구두를 신었을 때, 발목을 아래로 뻗고 잠을 잤을 때, 의자의 다리 받침이 종아리를 누르는 경우"
다열근,,머리와 목을 숙여서 고개를 돌리면 돌아가는 범위가 제한되면서 아프다,"교통사고나 수영장에서 다이빙을 하다가 머리를 부딪치는 경우, 오랫동안 고개를 숙이고 있는 경우, 엎드려서 텔레비전을 보는 경우, 무거운 코트의 단단한 목칼라가 목을 누르는 경우, 바느질을 하거나, 책을 읽거나 글을 쓰고, 컴퓨터를 다루면서 계속 목을 앞으로 숙이고 있을 때"
가자미근,,발이 뒤로 제쳐지는 것이 제한된다,"근육이 추위에 노출 되었을 때, 다리 길이가 짧을 때, 딱딱하고 미끄러운 길을 신바닥이 부드러운 신을 신고 걸으면서 발이 미끌어지는 경우, 가파른 언덕을 한참 올라갔을 때, 해변을 걸은 경우, 신발의 발바닥이 뻣뻣한 경우, 계단에서 발을 헛디뎌 한발의 발 끝으로만 계단을 밟게 된 경우, 계속해서 발목을 바닥쪽으로 굽히고 있을 때(의자의 좌석이 높아서 발이 바닥에 닿지 않을 때, 자면서 발을 바닥쪽으로 향하게 하는 경우"
가자미근,,언덕을 오르거나 내려갈 때 무릎 뒤가 아프다,"근육이 추위에 노출 되었을 때, 다리 길이가 짧을 때, 딱딱하고 미끄러운 길을 신바닥이 부드러운 신을 신고 걸으면서 발이 미끌어지는 경우, 가파른 언덕을 한참 올라갔을 때, 해변을 걸은 경우, 신발의 발바닥이 뻣뻣한 경우, 계단에서 발을 헛디뎌 한발의 발 끝으로만 계단을 밟게 된 경우, 계속해서 발목을 바닥쪽으로 굽히고 있을 때(의자의 좌석이 높아서 발이 바닥에 닿지 않을 때, 자면서 발을 바닥쪽으로 향하게 하는 경우"
가자미근,,소아시절에 나타나는 성장통,"근육이 추위에 노출 되었을 때, 다리 길이가 짧을 때, 딱딱하고 미끄러운 길을 신바닥이 부드러운 신을 신고 걸으면서 발이 미끌어지는 경우, 가파른 언덕을 한참 올라갔을 때, 해변을 걸은 경우, 신발의 발바닥이 뻣뻣한 경우, 계단에서 발을 헛디뎌 한발의 발 끝으로만 계단을 밟게 된 경우, 계속해서 발목을 바닥쪽으로 굽히고 있을 때(의자의 좌석이 높아서 발이 바닥에 닿지 않을 때, 자면서 발을 바닥쪽으로 향하게 하는 경우"
가자미근,,허리가 아프다,"근육이 추위에 노출 되었을 때, 다리 길이가 짧을 때, 딱딱하고 미끄러운 길을 신바닥이 부드러운 신을 신고 걸으면서 발이 미끌어지는 경우, 가파른 언덕을 한참 올라갔을 때, 해변을 걸은 경우, 신발의 발바닥이 뻣뻣한 경우, 계단에서 발을 헛디뎌 한발의 발 끝으로만 계단을 밟게 된 경우, 계속해서 발목을 바닥쪽으로 굽히고 있을 때(의자의 좌석이 높아서 발이 바닥에 닿지 않을 때, 자면서 발을 바닥쪽으로 향하게 하는 경우"
족저근 ,,무릎 뒤가 아프다,"근육이 추위에 노출 되었을 때, 다리 길이가 짧을 때, 딱딱하고 미끄러운 길을 신바닥이 부드러운 신을 신고 걸으면서 발이 미끌어지는 경우, 가파른 언덕을 한참 올라갔을 때, 해변을 걸은 경우, 신발의 발바닥이 뻣뻣한 경우, 계단에서 발을 헛디뎌 한발의 발 끝으로만 계단을 밟게 된 경우, 계속해서 발목을 바닥쪽으로 굽히고 있을 때(의자의 좌석이 높아서 발이 바닥에 닿지 않을 때, 자면서 발을 바닥쪽으로 향하게 하는 경우"
장족지신근 ,,소아시절에는 과도한 육체적인 활동 후에 나타나는 성장통이 있다,"자동차 가속 페달이 빡빡한 경우, 굽이 높은 신을 신었을 때, 아킬레스 건이 짧아진 경우, 달리기를 많이 한 때, 고르지 않은 길을 걸었을 때, 비골이나 경골이 골절되었을 때, 발을 발바닥쪽으로 구부린채 잠을 잤을 때"
장족지신근 ,,걷는 동안 발에 힘이 약하다,"자동차 가속 페달이 빡빡한 경우, 굽이 높은 신을 신었을 때, 아킬레스 건이 짧아진 경우, 달리기를 많이 한 때, 고르지 않은 길을 걸었을 때, 비골이나 경골이 골절되었을 때, 발을 발바닥쪽으로 구부린채 잠을 잤을 때"
장모지신근 ,,밤에 쥐가 난다,"자동차 가속 페달이 빡빡한 경우, 굽이 높은 신을 신었을 때, 아킬레스 건이 짧아진 경우, 달리기를 많이 한 때, 고르지 않은 길을 걸었을 때, 비골이나 경골이 골절되었을 때, 발을 발바닥쪽으로 구부린채 잠을 잤을 때"
후두하근 ,,뒷 머리가 아파서 베개를 벨 수 없다,"엎드려서 팔꿈치를 고이고 텔레비전을 보는 경우, 머리를 뒤로 제친 상태에서 목을 앞으로 내민 자세, 고개를 들어 위를 보는 경우, 목의 뒤부분이 찬바람에 노출된 경우"
모지외전근 ,,신발을 바꾸거나 깔창을 맞추었다,"신발이 발을 조일 때, 석고 붕대를 하고 발가락을 움직이지 못했을 때, 심한 평발인 경우, 발에 외상이 가해진 경우, 미끄러운 바닥에서 바퀴달린 의자를 굴리려고 할 때, 울퉁불퉁한 길에서 달리기를 하였을 때 "
단족지굴근 ,,신발을 바꾸거나 깔창을 맞추었다,"신발이 발을 조일 때, 석고 붕대를 하고 발가락을 움직이지 못했을 때, 심한 평발인 경우, 발에 외상이 가해진 경우, 미끄러운 바닥에서 바퀴달린 의자를 굴리려고 할 때, 울퉁불퉁한 길에서 달리기를 하였을 때 "
족저방형근 ,,발이 부은 느낌이다,"신발이 발을 조일 때, 발에 골절이 있을 때, 발에 타박상을 입었을 때, 발가락으로 단단한 것을 찼을 때, 모래 위를 걸었을 때, 울퉁불퉁한 길을 걸었을 때, 추운날 젖은 양말을 신었을 때, 평발이 심할 때, 신발 바닥이 뻣뻣한 경우"
모지내전근 ,,통증 때문에 걷기 어렵다,"신발이 발을 조일 때, 발에 골절이 있을 때, 발에 타박상을 입었을 때, 발가락으로 단단한 것을 찼을 때, 모래 위를 걸었을 때, 울퉁불퉁한 길을 걸었을 때, 추운날 젖은 양말을 신었을 때, 평발이 심할 때, 신발 바닥이 뻣뻣한 경우"
단모지굴근 ,,발이 저린다,"신발이 발을 조일 때, 발에 골절이 있을 때, 발에 타박상을 입었을 때, 발가락으로 단단한 것을 찼을 때, 모래 위를 걸었을 때, 울퉁불퉁한 길을 걸었을 때, 추운날 젖은 양말을 신었을 때, 평발이 심할 때, 신발 바닥이 뻣뻣한 경우"
견갑거근 ,,목이 아프다,"고개를 돌려 옆에 있는 원고를 보면서 키보드를 치는 경우, 전화를 오래 거는 경우, 무거운 가방을 들 때, 고개를 한쪽으로 숙이고 잠을 잔 경우, 세상의 무게가 어깨를 누르는 것 같은 정신적인 스트레스, 의자에 앉아 높은 팔걸이에 팔을 얹고 있는 경우, "
사각근 ,,손이 저린다,"직접적인 외상, 무거운 것을 들었을 때, 수영 시합을 하였을 때, 커다란 물건 옮기기, 갑작스럽게 심한 기침을 하였을 때, 편타성 손상, 양쪽 다리 길이에 차이가 있거나 골반의 크기가 달라서  어깨의 높이가 다른 경우"
사각근 ,,손이 붓는다,"직접적인 외상, 무거운 것을 들었을 때, 수영 시합을 하였을 때, 커다란 물건 옮기기, 갑작스럽게 심한 기침을 하였을 때, 편타성 손상, 양쪽 다리 길이에 차이가 있거나 골반의 크기가 달라서  어깨의 높이가 다른 경우"
극상근,,"팔을 들어올릴 때 어깨의 운동이 제한된다(머리 빗기, 양치질하기, 면도하기, 테니스에서 서비스 할 때)","무거운 물건 옮기기, 질퍽한 논에서 경운기를 사용하는 경우, 팔을 뻗어서 물건을 어깨 높이로 들어 올릴 때"
소원근 ,,어깨를 움직일 때 약지와 새끼 손가락이 저리다,"운전대를 잡은 상태에서 충돌하였을 경우, 머리 위로 물건을 들고 있다가 균형을 잃고 휘청거렸을 때, 비좁은 장소에서 팔을 들고 일을 하였을 때"
삼각근,,팔을 옆으로 들어올릴 때 아프다,"사격을 할 때 반복되는 반동과 같은 유형의 반동, 넘어지면서 난간을 잡았을 때, 어깨 높이에서 오랫동안 물건 들고 있을 때, 어깨 높이보다 높은 곳에서 작업을 한 경우 "
흉쇄유돌근,,구역질이 난다,"급성 또는 만성으로 무리한 경우, 머리를 앞으로 많이 내민 자세, 텔레비젼을 보거나 대화를 하면서 오래 동안 한쪽으로 고개를 돌리고 앉아 있을 때, 베개를 높이 벤 경우, 천장 페인트 칠하기, 칠판에 글씨 쓰기, 커튼 달기, 무대가 높은 극장의 앞좌석에서 관람한 경우, 자동차 사고 때 목이 휘청한 경우(편타성 손상), 기흉이나 천식으로 인한 만성 기침, 셔츠나 넥타이로 목이 조이는 경우, 요추 천자후 두통, 축농증이나 치아의 화농"
흉쇄유돌근,,위가 아프다,"급성 또는 만성으로 무리한 경우, 머리를 앞으로 많이 내민 자세, 텔레비젼을 보거나 대화를 하면서 오래 동안 한쪽으로 고개를 돌리고 앉아 있을 때, 베개를 높이 벤 경우, 천장 페인트 칠하기, 칠판에 글씨 쓰기, 커튼 달기, 무대가 높은 극장의 앞좌석에서 관람한 경우, 자동차 사고 때 목이 휘청한 경우(편타성 손상), 기흉이나 천식으로 인한 만성 기침, 셔츠나 넥타이로 목이 조이는 경우, 요추 천자후 두통, 축농증이나 치아의 화농"
흉쇄유돌근,,이마에 땀이 난다,"급성 또는 만성으로 무리한 경우, 머리를 앞으로 많이 내민 자세, 텔레비젼을 보거나 대화를 하면서 오래 동안 한쪽으로 고개를 돌리고 앉아 있을 때, 베개를 높이 벤 경우, 천장 페인트 칠하기, 칠판에 글씨 쓰기, 커튼 달기, 무대가 높은 극장의 앞좌석에서 관람한 경우, 자동차 사고 때 목이 휘청한 경우(편타성 손상), 기흉이나 천식으로 인한 만성 기침, 셔츠나 넥타이로 목이 조이는 경우, 요추 천자후 두통, 축농증이나 치아의 화농"
흉쇄유돌근,,무게에 대한 감각이 둔하다,"급성 또는 만성으로 무리한 경우, 머리를 앞으로 많이 내민 자세, 텔레비젼을 보거나 대화를 하면서 오래 동안 한쪽으로 고개를 돌리고 앉아 있을 때, 베개를 높이 벤 경우, 천장 페인트 칠하기, 칠판에 글씨 쓰기, 커튼 달기, 무대가 높은 극장의 앞좌석에서 관람한 경우, 자동차 사고 때 목이 휘청한 경우(편타성 손상), 기흉이나 천식으로 인한 만성 기침, 셔츠나 넥타이로 목이 조이는 경우, 요추 천자후 두통, 축농증이나 치아의 화농"
흉쇄유돌근,,실신한다,"급성 또는 만성으로 무리한 경우, 머리를 앞으로 많이 내민 자세, 텔레비젼을 보거나 대화를 하면서 오래 동안 한쪽으로 고개를 돌리고 앉아 있을 때, 베개를 높이 벤 경우, 천장 페인트 칠하기, 칠판에 글씨 쓰기, 커튼 달기, 무대가 높은 극장의 앞좌석에서 관람한 경우, 자동차 사고 때 목이 휘청한 경우(편타성 손상), 기흉이나 천식으로 인한 만성 기침, 셔츠나 넥타이로 목이 조이는 경우, 요추 천자후 두통, 축농증이나 치아의 화농"
대흉근,,잠을 설친다,"책을 읽거나 글씨를 쓸 경우 등이 굽은 자세로 있을 때, 전기톱을 사용하였을 때, 불안한 상태가 지속될 때, 심근경색이 있을 때"
대흉근,,가슴이 조인다,"책을 읽거나 글씨를 쓸 경우 등이 굽은 자세로 있을 때, 전기톱을 사용하였을 때, 불안한 상태가 지속될 때, 심근경색이 있을 때"
대흉근,,젖꼭지의 감각이 예민해서 브라를 입으면 아프다,"책을 읽거나 글씨를 쓸 경우 등이 굽은 자세로 있을 때, 전기톱을 사용하였을 때, 불안한 상태가 지속될 때, 심근경색이 있을 때"
대흉근,,심장박동이 불규칙하다,"책을 읽거나 글씨를 쓸 경우 등이 굽은 자세로 있을 때, 전기톱을 사용하였을 때, 불안한 상태가 지속될 때, 심근경색이 있을 때"
흉골근 ,,마른 기침을 한다,"심근경색, 협심증, 근육에 대한 직접적인 외상"
늑간근 ,,아픈 쪽으로 눕기 어렵다,"직접적인 외상, 심한 기침, 흉부 수술, 대상포진, 늑골 골절 등이 있을 때, 기흉이나 늑막염이 있을 때"
늑간근 ,,심장박동이 불규칙하다,"직접적인 외상, 심한 기침, 흉부 수술, 대상포진, 늑골 골절 등이 있을 때, 기흉이나 늑막염이 있을 때"
전거근 ,,숨쉬기 어렵다,"빠르게 달리기, 오래 달리기, 팔굽혀 펴기, 머리 위로 무거운 물건 들기, 심한 기침을 하였을 때, 운전을 하던 중에 사고를 피하기 위하여 운전대를 갑자기 돌렸을 때, 팔은 물건을 잡은 상태에서 몸통을 돌린 경우 "
전거근 ,,숨을 깊게 쉬기 어렵다,"빠르게 달리기, 오래 달리기, 팔굽혀 펴기, 머리 위로 무거운 물건 들기, 심한 기침을 하였을 때, 운전을 하던 중에 사고를 피하기 위하여 운전대를 갑자기 돌렸을 때, 팔은 물건을 잡은 상태에서 몸통을 돌린 경우 "
상후거근 ,,손을 쭉 뻗어서 물건을 들어올릴 때 아프다,"폐렴이나 천식 환자처럼 힘들게 호흡할 때, 기침을 하였을 때, 책상의 높은 곳에서 오랫동안 글씨를 썼을 때"
상후거근 ,,통증이 있는 쪽을 아랫쪽으로 하고 누우면 아프다,"폐렴이나 천식 환자처럼 힘들게 호흡할 때, 기침을 하였을 때, 책상의 높은 곳에서 오랫동안 글씨를 썼을 때"
교근,,입이 잘 벌어지지 않는다,"만성적으로 입으로 숨쉬는 경우, 얼음이나 호두 같이 단단한 것을 갑자기 힘주어 깨물었을 경우, 외상, 이를 가는 경우, 껌을 오래 씹거나 손톱을 물어 뜯는 경우, 의치를 한 경우, 시거를 오래 물고 있기, 정신적인 스트레스, 치과에서 치료하는 동안 입을 오래 벌리고 있는 경우, 경추 견인을 하면서 입을 오래 다물고 있는 경우, 사고에 의한 직접적인 외상, 악관절염, 만성적인 치아의 염증"
흉장륵근,,몸통의 움직임이 많이 제한된다,"갑작스럽게 몸을 구부리면서 비트는 동작이 동시에 이루어 질 때-특히 피로하거나 차가운 환경에서, 갑작스런 부하가 주어졌을 때, 장시간 반복하거나 지속적으로 근육이 수축을 하였을 때, 평발, 편타성 손상, 오래 꼼짝하지 않고 앉아 있을 때"
요장륵근,,걸상에서 일어나기와 계단을 오르기 어렵다,"갑작스럽게 몸을 구부리면서 비트는 동작이 동시에 이루어 질 때-특히 피로하거나 차가운 환경에서, 갑작스런 부하가 주어졌을 때, 장시간 반복하거나 지속적으로 근육이 수축을 하였을 때, 평발, 편타성 손상, 오래 꼼짝하지 않고 앉아 있을 때"
흉최장근,,몸통의 움직임이 많이 제한된다,"갑작스럽게 몸을 구부리면서 비트는 동작이 동시에 이루어 질 때-특히 피로하거나 차가운 환경에서, 갑작스런 부하가 주어졌을 때, 장시간 반복하거나 지속적으로 근육이 수축을 하였을 때, 평발, 편타성 손상, 오래 꼼짝하지 않고 앉아 있을 때"
다열근,,몸통의 움직임이 많이 제한된다,"갑작스럽게 몸을 구부리면서 비트는 동작이 동시에 이루어 질 때-특히 피로하거나 차가운 환경에서, 갑작스런 부하가 주어졌을 때, 장시간 반복하거나 지속적으로 근육이 수축을 하였을 때, 평발, 편타성 손상, 오래 꼼짝하지 않고 앉아 있을 때"
다열근,,척추의 뼈(극돌기)가 지속해서 아픈 것으로 호소한다,"갑작스럽게 몸을 구부리면서 비트는 동작이 동시에 이루어 질 때-특히 피로하거나 차가운 환경에서, 갑작스런 부하가 주어졌을 때, 장시간 반복하거나 지속적으로 근육이 수축을 하였을 때, 평발, 편타성 손상, 오래 꼼짝하지 않고 앉아 있을 때"
승모근,,어지럽다,"양쪽 다리 길이에 차이가 있을 때, 한쪽 골반이 작을 때, 자동차 사고 때 목이 휘청한 경우(편타성 손상), 길이가 너무 긴 지팡이를 사용하는 경우, 컴퓨터 자판이 너무 높을 때, 무거운 물건을 오래 들었을 때, 젖가슴이 큰 여성이 좁은 어깨끈의 브라를 했을 때, 무거운 코트를 입었을 때, 전화 수화기를 어깨와 턱사이에 고이고 전화를 하였을 때, 옆에 있는 사람과 대화를 하기 위해 오랫동안 고개를 옆으로 돌리고 있는 경우"
승모근,,머리를 한쪽으로 끝까지 돌리면 반때쪽에 통증이 나타난다,"양쪽 다리 길이에 차이가 있을 때, 한쪽 골반이 작을 때, 자동차 사고 때 목이 휘청한 경우(편타성 손상), 길이가 너무 긴 지팡이를 사용하는 경우, 컴퓨터 자판이 너무 높을 때, 무거운 물건을 오래 들었을 때, 젖가슴이 큰 여성이 좁은 어깨끈의 브라를 했을 때, 무거운 코트를 입었을 때, 전화 수화기를 어깨와 턱사이에 고이고 전화를 하였을 때, 옆에 있는 사람과 대화를 하기 위해 오랫동안 고개를 옆으로 돌리고 있는 경우"
요추능형근,,발과 다리가 화끈거린다,"아이나 무거운 물건을 이상한 자세로 들 때, 자동차에서 내리려고 의자에서 일어나던 중, 엉거주춤하게 서서 바지를 입는 도중, 교통사고를 당했을 경우, 활동 중에 반복해서 접질린 때, 한쪽 다리에 석고붕대를 하여 다리 길이에 차이가 생겼을 때, 한쪽 골반이 작은 경우, 많이 푹신한 침대를 사용한 경우, 앞에 기대지 않은 채로 허리를 숙인 경우"
내측익상근 ,,침이나 음식을 삼킬 때 아프다,"머리가 몸보다 앞으로 나간 자세, 엄지 손가락 빠는 습관, 껌을 심하게 씹는 경우, 이를 가는 경우, 이를 꽉 다물고 있는 경우, 정신적인 긴장, 외측 익상근에 대한 이차적인 통증유발점 발생"
두반극근 ,,뒷 머리가 아파서 베개를 벨 수 없다,"교통사고나 수영장에서 다이빙을 하다가 머리를 부딪치는 경우, 오랫동안 고개를 숙이고 있는 경우, 엎드려서 텔레비전을 보는 경우, 무거운 코트의 단단한 목칼라가 목을 누르는 경우, 바느질을 하거나, 책을 읽거나 글을 쓰고, 컴퓨터를 다루면서 계속 목을 앞으로 숙이고 있을 때"
승모근,,아픈 부분을 비빈다,"앉아서 오랫 동안 구부린 채로 팔을 내뻗고 있을 때, 손으로 턱을 고이고 있는 경우 "
경반극근 ,,뒷 머리가 아파서 베개를 벨 수 없다,"교통사고나 수영장에서 다이빙을 하다가 머리를 부딪치는 경우, 오랫동안 고개를 숙이고 있는 경우, 엎드려서 텔레비전을 보는 경우, 무거운 코트의 단단한 목칼라가 목을 누르는 경우, 바느질을 하거나, 책을 읽거나 글을 쓰고, 컴퓨터를 다루면서 계속 목을 앞으로 숙이고 있을 때"
견갑거근 ,,목이 뻣뻣하다,"고개를 돌려 옆에 있는 원고를 보면서 키보드를 치는 경우, 전화를 오래 거는 경우, 무거운 가방을 들 때, 고개를 한쪽으로 숙이고 잠을 잔 경우, 세상의 무게가 어깨를 누르는 것 같은 정신적인 스트레스, 의자에 앉아 높은 팔걸이에 팔을 얹고 있는 경우, "
사각근 ,,소파에 앉아서 잔다,"직접적인 외상, 무거운 것을 들었을 때, 수영 시합을 하였을 때, 커다란 물건 옮기기, 갑작스럽게 심한 기침을 하였을 때, 편타성 손상, 양쪽 다리 길이에 차이가 있거나 골반의 크기가 달라서  어깨의 높이가 다른 경우"
사각근 ,,손가락 마디가 뻣뻣하다,"직접적인 외상, 무거운 것을 들었을 때, 수영 시합을 하였을 때, 커다란 물건 옮기기, 갑작스럽게 심한 기침을 하였을 때, 편타성 손상, 양쪽 다리 길이에 차이가 있거나 골반의 크기가 달라서  어깨의 높이가 다른 경우"
최소사각근 ,,엄지 손가락 감각이 무디다,"직접적인 외상, 무거운 것을 들었을 때, 수영 시합을 하였을 때, 커다란 물건 옮기기, 갑작스럽게 심한 기침을 하였을 때, 편타성 손상, 양쪽 다리 길이에 차이가 있거나 골반의 크기가 달라서  어깨의 높이가 다른 경우"
극상근,,팔을 옆으로 들어올릴 때 대단히 아프다,"무거운 물건 옮기기, 질퍽한 논에서 경운기를 사용하는 경우, 팔을 뻗어서 물건을 어깨 높이로 들어 올릴 때"
제일배측골간근 ,,손가락 마디가 아프다,"손끝으로 작은 물건을 잡는 것을 지속적, 반복적으로 하였을 때, 손으로 잡초 뽑기, 연장을 오랫동안 힘주어 잡았을 때 "
소지외전근 ,,손이 뻣뻣하다,"손끝으로 작은 물건을 잡는 것을 지속적, 반복적으로 하였을 때, 손으로 잡초 뽑기, 연장을 오랫동안 힘주어 잡았을 때 "
소지외전근 ,,손가락 마디에 혹이 생겼다,"손끝으로 작은 물건을 잡는 것을 지속적, 반복적으로 하였을 때, 손으로 잡초 뽑기, 연장을 오랫동안 힘주어 잡았을 때 "
소지외전근 ,,"단추 채우기, 바느질 등이 어렵다","손끝으로 작은 물건을 잡는 것을 지속적, 반복적으로 하였을 때, 손으로 잡초 뽑기, 연장을 오랫동안 힘주어 잡았을 때 "
소지외전근 ,,손가락 마디가 아프다,"손끝으로 작은 물건을 잡는 것을 지속적, 반복적으로 하였을 때, 손으로 잡초 뽑기, 연장을 오랫동안 힘주어 잡았을 때 "
제이배측골간근 ,,손이 뻣뻣하다,"손끝으로 작은 물건을 잡는 것을 지속적, 반복적으로 하였을 때, 손으로 잡초 뽑기, 연장을 오랫동안 힘주어 잡았을 때 "
제이배측골간근 ,,손가락 마디에 혹이 생겼다,"손끝으로 작은 물건을 잡는 것을 지속적, 반복적으로 하였을 때, 손으로 잡초 뽑기, 연장을 오랫동안 힘주어 잡았을 때 "
대흉근,,팔을 앞으로 들었던 팔을 옆으로 벌릴 때 어깨의 운동 범위가 제한된다.,"책을 읽거나 글씨를 쓸 경우 등이 굽은 자세로 있을 때, 전기톱을 사용하였을 때, 불안한 상태가 지속될 때, 심근경색이 있을 때"
대흉근,,젖가슴이 아프다,"책을 읽거나 글씨를 쓸 경우 등이 굽은 자세로 있을 때, 전기톱을 사용하였을 때, 불안한 상태가 지속될 때, 심근경색이 있을 때"
소흉근 ,,손을 앞으로 뻗어 어깨 높이로 올리기 어렵다,"심근허혈, 늑골 골절, 편타성 손상, 가슴을 웅크리고 작업을 하는 경우, 심하게 기침을 하는 경우, 배낭의 끈에 의해서 조이는 경우, 승모근의 근약증이 있을 때"
전거근 ,,딸꾹질을 한다,"빠르게 달리기, 오래 달리기, 팔굽혀 펴기, 머리 위로 무거운 물건 들기, 심한 기침을 하였을 때, 운전을 하던 중에 사고를 피하기 위하여 운전대를 갑자기 돌렸을 때, 팔은 물건을 잡은 상태에서 몸통을 돌린 경우 "
상후거근 ,,쉬는 동안에 어깨와 팔의 통증이 계속된다,"폐렴이나 천식 환자처럼 힘들게 호흡할 때, 기침을 하였을 때, 책상의 높은 곳에서 오랫동안 글씨를 썼을 때"
장모지신근 ,,소아시절에는 과도한 육체적인 활동 후에 나타나는 성장통이 있다,"자동차 가속 페달이 빡빡한 경우, 굽이 높은 신을 신었을 때, 아킬레스 건이 짧아진 경우, 달리기를 많이 한 때, 고르지 않은 길을 걸었을 때, 비골이나 경골이 골절되었을 때, 발을 발바닥쪽으로 구부린채 잠을 잤을 때"
장족지굴근 ,,신발을 바꾸거나 깔창을 맞추었다,"울퉁불퉁한 길이나 옆으로 경사진 길에서 달리기를 하였을 때, 평발이 심한 경우, 발의 아치가 높은 경우, 많이 닳은 신발을 신고 달리기를 한 경우, 신발의 바닥이 너무 뻣뻣한 경우"
모지외전근 ,,다리를 절며 조금 밖에 걸을 수 없다,"신발이 발을 조일 때, 석고 붕대를 하고 발가락을 움직이지 못했을 때, 심한 평발인 경우, 발에 외상이 가해진 경우, 미끄러운 바닥에서 바퀴달린 의자를 굴리려고 할 때, 울퉁불퉁한 길에서 달리기를 하였을 때 "
단족지굴근 ,,다리를 절며 조금 밖에 걸을 수 없다,"신발이 발을 조일 때, 석고 붕대를 하고 발가락을 움직이지 못했을 때, 심한 평발인 경우, 발에 외상이 가해진 경우, 미끄러운 바닥에서 바퀴달린 의자를 굴리려고 할 때, 울퉁불퉁한 길에서 달리기를 하였을 때 "
모지내전근 ,,발이 부은 느낌이다,"신발이 발을 조일 때, 발에 골절이 있을 때, 발에 타박상을 입었을 때, 발가락으로 단단한 것을 찼을 때, 모래 위를 걸었을 때, 울퉁불퉁한 길을 걸었을 때, 추운날 젖은 양말을 신었을 때, 평발이 심할 때, 신발 바닥이 뻣뻣한 경우"
단모지굴근 ,,통증 때문에 걷기 어렵다,"신발이 발을 조일 때, 발에 골절이 있을 때, 발에 타박상을 입었을 때, 발가락으로 단단한 것을 찼을 때, 모래 위를 걸었을 때, 울퉁불퉁한 길을 걸었을 때, 추운날 젖은 양말을 신었을 때, 평발이 심할 때, 신발 바닥이 뻣뻣한 경우"
족골간근,,발이 부은 느낌이다,"신발이 발을 조일 때, 발에 골절이 있을 때, 발에 타박상을 입었을 때, 발가락으로 단단한 것을 찼을 때, 모래 위를 걸었을 때, 울퉁불퉁한 길을 걸었을 때, 추운날 젖은 양말을 신었을 때, 평발이 심할 때, 신발 바닥이 뻣뻣한 경우"
사각근 ,,고개가 다 돌아가지 않는다,"직접적인 외상, 무거운 것을 들었을 때, 수영 시합을 하였을 때, 커다란 물건 옮기기, 갑작스럽게 심한 기침을 하였을 때, 편타성 손상, 양쪽 다리 길이에 차이가 있거나 골반의 크기가 달라서  어깨의 높이가 다른 경우"
사각근 ,,손등이 붓는다,"직접적인 외상, 무거운 것을 들었을 때, 수영 시합을 하였을 때, 커다란 물건 옮기기, 갑작스럽게 심한 기침을 하였을 때, 편타성 손상, 양쪽 다리 길이에 차이가 있거나 골반의 크기가 달라서  어깨의 높이가 다른 경우"
극하근,,어깨의 관절 운동범위가 줄었다,"팔을 위와 뒤로 뻗어서 침대 밑의 전등에 손을 뻗었을 때, 처음 스케이트를 타는 사람을 끌고 다녔을 때, 긴 막대를 많이 지쳤을 때"
극하근,,등뒤에서 브래지어를 잠그지 못한다,"팔을 위와 뒤로 뻗어서 침대 밑의 전등에 손을 뻗었을 때, 처음 스케이트를 타는 사람을 끌고 다녔을 때, 긴 막대를 많이 지쳤을 때"
극하근,,아픈 쪽으로 눕기 어렵다,"팔을 위와 뒤로 뻗어서 침대 밑의 전등에 손을 뻗었을 때, 처음 스케이트를 타는 사람을 끌고 다녔을 때, 긴 막대를 많이 지쳤을 때"
견갑하근 ,,뇌졸중 환자의 어깨가 빠졌다,"수영(자유형)을 하거나 야구공을 던지면서 팔을 많이 사용하였을 때, 어린 아이를 들어서 머리위와 다리 가랭이 사이로 왔다 갔다 흔드는 경우, 견관절의 탈구, 넘어지지 않으려고 어깨를 뒤로 제쳤을 때, 상완골의 원위부에 골절이 있을 때, 겨드랑이가 붙은 채로 팔을 오랫동안 움직이지 못하도록 하였을 때"
"삼두박근,장두",,골프나 테니스를 하면서 팔꿈치를 힘차게 펼 때 아프다,"길이가 긴 지팡이를 심하게 사용하였을 때, 테니스를 치면서 백핸드로 하다가 헛손질을 하였을 때, 수동변속기 자동차를 가지고 시내 주행을 하였을 때, 복사를 하면서 책을 여러 번 눌렀을 때, 글씨를 쓰면서 반대쪽 손으로 종이를 잡고 있을 때"
"장,단족지신근 ",,신발을 바꾸거나 깔창을 맞추었다,"신발이 발을 조일 때, 석고 붕대를 하고 발가락을 움직이지 못했을 때, 심한 평발인 경우, 발에 외상이 가해진 경우, 미끄러운 바닥에서 바퀴달린 의자를 굴리려고 할 때, 울퉁불퉁한 길에서 달리기를 하였을 때 "
족소지외전근 ,,신발을 바꾸거나 깔창을 맞추었다,"신발이 발을 조일 때, 석고 붕대를 하고 발가락을 움직이지 못했을 때, 심한 평발인 경우, 발에 외상이 가해진 경우, 미끄러운 바닥에서 바퀴달린 의자를 굴리려고 할 때, 울퉁불퉁한 길에서 달리기를 하였을 때 "
족소지외전근 ,,다리를 절며 조금 밖에 걸을 수 없다,"신발이 발을 조일 때, 석고 붕대를 하고 발가락을 움직이지 못했을 때, 심한 평발인 경우, 발에 외상이 가해진 경우, 미끄러운 바닥에서 바퀴달린 의자를 굴리려고 할 때, 울퉁불퉁한 길에서 달리기를 하였을 때 "
대관골근 ,,통증이 코에서 앞이마까지 나타난다,저작근의 경련으로 입을 꽉 다물고 있는 경우
활경근 ,,볼과 턱 주변에 따끔따끔하게 찌르는 통증이 있다,흉쇄유돌근에 대한 이차적인 통증유발점 발생
협근 ,,음식을 씹으면 광대뼈 아래의 통증이 심해진다,틀니가 잘 맞지 않을 때
협근 ,,침이나 음식을 삼키기 어렵다,틀니가 잘 맞지 않을 때
후두근 ,,뒷 머리가 아파서 베개를 벨 수 없다,시력이 나빠서 이마의 근육을 강하게 수축시키는 경우
요추능형근,,기침이나 재채기를 하면 통증이 심해진다,"아이나 무거운 물건을 이상한 자세로 들 때, 자동차에서 내리려고 의자에서 일어나던 중, 엉거주춤하게 서서 바지를 입는 도중, 교통사고를 당했을 경우, 활동 중에 반복해서 접질린 때, 한쪽 다리에 석고붕대를 하여 다리 길이에 차이가 생겼을 때, 한쪽 골반이 작은 경우, 많이 푹신한 침대를 사용한 경우, 앞에 기대지 않은 채로 허리를 숙인 경우"
장요근 ,,굳은 변을 볼 때 아프다,"운전석에 앉는 것처럼 고관절을 많이 구부리고 오래 앉아 있을 때, 쪼그리고 잠을 잔 경우, 임신, 일어났다 앉았다를 반복한 경우, 다리 길이가 차이나는 경우"
내폐쇄근 ,,대장이 가득 찬 느낌이 든다,"심하게 주저 앉았을 때, 자동차 사고, 골반 주변에 수술을 받았을 경우, 오랫동안 웅크린 자세로 앉아 있을 때, 천장관절에 이상이 있을 때, 만성 치질이나 만성 골반내 염증이 있을 때"
대둔근,,앉아 있으면 엉덩이가 아프다,"주저 앉았을 때, 몸을 앞으로 구부리고 언덕을 오랫동안 올라갈 때, 자극성 약물의 근육 주사를 맞았을 때, 수영(자유형)을 하였을 때, 무릎은 펴고 약간 뒤로 기대어 오랫동안 앉아 있을 때, 바지 뒷주머니에 지갑을 넣은 채로 앉았을 때, 엄지 발가락의 중족지골이 짧을 때"
대둔근,,앉아 있으면 안절부절못한다,"주저 앉았을 때, 몸을 앞으로 구부리고 언덕을 오랫동안 올라갈 때, 자극성 약물의 근육 주사를 맞았을 때, 수영(자유형)을 하였을 때, 무릎은 펴고 약간 뒤로 기대어 오랫동안 앉아 있을 때, 바지 뒷주머니에 지갑을 넣은 채로 앉았을 때, 엄지 발가락의 중족지골이 짧을 때"
대둔근,,오래 앉아 있으면 몸부림 친다,"주저 앉았을 때, 몸을 앞으로 구부리고 언덕을 오랫동안 올라갈 때, 자극성 약물의 근육 주사를 맞았을 때, 수영(자유형)을 하였을 때, 무릎은 펴고 약간 뒤로 기대어 오랫동안 앉아 있을 때, 바지 뒷주머니에 지갑을 넣은 채로 앉았을 때, 엄지 발가락의 중족지골이 짧을 때"
중둔근,,쭈그린 자세로 앉을 수 없다,"갑자기 주저 앉았을 때, 달리기, 장시간의 테니스, 에어로빅, 모래사장을 오래 걷는 등의 스포츠 손상, 한 쪽 다리로 오래 서있을 때, 둘째 발가락의 중족지골이 길 때, 천장관절이 어긋났을 때, 쪼그리고 잠을 잤을 경우, 바지 뒷주머니에 지갑을 넣은 채로 앉았을 때"
소둔근,,걷다가 다리를 전다,"주저 앉기, 먼거리를 빨리 걷기, 무리한 달리기, 오랫동안 움직이지 않았을 때, 천장관절에 이상이 있을 때, 양발을 모으고 서있는 경우, 바지 뒷주머니에 지갑을 넣은 채로 앉았을 때, 척추 후궁절제술을 한 후에 통증이 남아있는 경우는 신경근병증에 의해서 활성화된 것이다"
소둔근,,의자에서 일어날 때 넓적다리 뒤가 아프다,"주저 앉기, 먼거리를 빨리 걷기, 무리한 달리기, 오랫동안 움직이지 않았을 때, 천장관절에 이상이 있을 때, 양발을 모으고 서있는 경우, 바지 뒷주머니에 지갑을 넣은 채로 앉았을 때, 척추 후궁절제술을 한 후에 통증이 남아있는 경우는 신경근병증에 의해서 활성화된 것이다"
이상근 ,,여성인 경우 성관계를 할 때 아프다,"쪼그려 앉으면서 다리 가랭이 사이에 큰 물건을 내려 놓을 때, 무거운 물건을 들기 위해서 허리를 구부린 채로 옆으로 비틀었을 때, 누워서 고관절을 구부린 채 다리를 벌리고 있는 경우, 둔부에 대한 직접적인 타박상, 운전을 하면서 가속 패달을 오랫동안 밟고 있을 때, 골반내 염증이 있을 때, 고관절에 관절염이 있을 때"
대퇴근막장근 ,,다리를 많이 구부리고 오래 동안 앉아 있으면 아프다,"높은 곳에서 뛰어 내리면서 양발로 착지하였을 때, 언덕길을 달려서 오르내렸을 때, 규칙적으로 한쪽으로 기울어진 길을 걸었을 때, 쪼그리고 잠을 잤을 때, 고관절을 많이 구부리고 오래 앉았을 때"
척측수근신근 ,,"주먹 쥐는 힘이 약하다(테니스 라켓을 놓친다, 주스병에서 주스를 따르기 어렵다)","척골이 골절 되었을 때, 오십견이 있어서 손목을 많이 사용하였을 때"
승모근,,팔에 닭살이 돋는다,"오랫 동안 운전대 위를 잡고 운전하는 것처럼 팔을 앞으로 나란히 자세로 오래 있을 때, 등이 둥그렇게 굽은 경우"
단요측수근신근 ,,"주먹 쥐는 힘이 약하다(테니스 라켓을 놓친다, 주스병에서 주스를 따르기 어렵다)","모종삽으로 잡초를 뽑았을 때, 악수를 많이 하였을 때, 자동차 유리의 성애를 제거하였을 때, 다리미질을 많이 하였을 때, 나사못 드라이버를 많이 사용하였을 때, 크고 무거운 문진을 반복해서 들었을 때"
단요측수근신근 ,,손을 꽉 쥐면 팔꿈치가 아프다(악수할 때),"모종삽으로 잡초를 뽑았을 때, 악수를 많이 하였을 때, 자동차 유리의 성애를 제거하였을 때, 다리미질을 많이 하였을 때, 나사못 드라이버를 많이 사용하였을 때, 크고 무거운 문진을 반복해서 들었을 때"
장요측수근신근 ,,손을 꽉 쥐면 아프다(악수할 때),"모종삽으로 잡초를 뽑았을 때, 악수를 많이 하였을 때, 자동차 유리의 성애를 제거하였을 때, 다리미질을 많이 하였을 때, 나사못 드라이버를 많이 사용하였을 때, 크고 무거운 문진을 반복해서 들었을 때"
완요골근 ,,"손목을 힘주어 비틀면 통증이 심해진다(문고리 돌릴 때, 나사못을 돌려 박을 때)","모종삽으로 잡초를 뽑았을 때, 악수를 많이 하였을 때, 자동차 유리의 성애를 제거하였을 때, 다리미질을 많이 하였을 때, 나사못 드라이버를 많이 사용하였을 때, 크고 무거운 문진을 반복해서 들었을 때"
수지신전근,,손을 꽉 쥐면 팔꿈치가 아프다(악수할 때),농작업 시 힘들게 반복해서 손가락을 사용하였을 때
수지신전근,,손가락 마디가 뻣뻣하면서 아프다,농작업 시 힘들게 반복해서 손가락을 사용하였을 때
시지신전근 ,,손가락 마디가 뻣뻣하면서 아프다,농작업 시 힘들게 반복해서 손가락을 사용하였을 때
회외근 ,,테니스를 치거나 무거운 물건을 들면 아프다,"반복적이고 지속적으로 팔꿈치를 편 채로 힘들여서 외전하였을 때, 뻣뻣한 문 손잡이를 돌렸을 때, 손으로 빨래를 짤 때, 단단히 잠긴 병뚜껑을 열려고 할 때, 벽을 손으로 청소할 때, 악수를 많이 하였을 때  "
장장근 ,,나사못 드라이버 같은 공구를 손바닥으로 잡기 어렵다,"넘어지면서 손목이 뒤로 젖혀진 상태로 손을 짚었을 때, 지팡이의 손잡이를 손바닥으로 잡았을 떄, 나사못 드라이버의 뒤 끝을 손바닥으로 잡았을 때, 테니스 채의 손잡이 끝을 손바닥으로 잡았을 때 "
요측수근굴근 ,,두꺼운 천을 자르거나 정원일을 할 때 가위를 사용하기 어렵다,"긴 막대를 오래 잡고 있을 때, 목수가 연장을 오래 잡고 있을 때"
흉쇄유돌근,,이명 또는 귀에서 소리가 들린다,"급성 또는 만성으로 무리한 경우, 머리를 앞으로 많이 내민 자세, 텔레비젼을 보거나 대화를 하면서 오래 동안 한쪽으로 고개를 돌리고 앉아 있을 때, 베개를 높이 벤 경우, 천장 페인트 칠하기, 칠판에 글씨 쓰기, 커튼 달기, 무대가 높은 극장의 앞좌석에서 관람한 경우, 자동차 사고 때 목이 휘청한 경우(편타성 손상), 기흉이나 천식으로 인한 만성 기침, 셔츠나 넥타이로 목이 조이는 경우, 요추 천자후 두통, 축농증이나 치아의 화농"
흉쇄유돌근,,눈물이 난다,"급성 또는 만성으로 무리한 경우, 머리를 앞으로 많이 내민 자세, 텔레비젼을 보거나 대화를 하면서 오래 동안 한쪽으로 고개를 돌리고 앉아 있을 때, 베개를 높이 벤 경우, 천장 페인트 칠하기, 칠판에 글씨 쓰기, 커튼 달기, 무대가 높은 극장의 앞좌석에서 관람한 경우, 자동차 사고 때 목이 휘청한 경우(편타성 손상), 기흉이나 천식으로 인한 만성 기침, 셔츠나 넥타이로 목이 조이는 경우, 요추 천자후 두통, 축농증이나 치아의 화농"
흉쇄유돌근,,눈의 흰동자가 붉어진다,"급성 또는 만성으로 무리한 경우, 머리를 앞으로 많이 내민 자세, 텔레비젼을 보거나 대화를 하면서 오래 동안 한쪽으로 고개를 돌리고 앉아 있을 때, 베개를 높이 벤 경우, 천장 페인트 칠하기, 칠판에 글씨 쓰기, 커튼 달기, 무대가 높은 극장의 앞좌석에서 관람한 경우, 자동차 사고 때 목이 휘청한 경우(편타성 손상), 기흉이나 천식으로 인한 만성 기침, 셔츠나 넥타이로 목이 조이는 경우, 요추 천자후 두통, 축농증이나 치아의 화농"
흉쇄유돌근,,통증이 있는 쪽으로 고개가 기운다,"급성 또는 만성으로 무리한 경우, 머리를 앞으로 많이 내민 자세, 텔레비젼을 보거나 대화를 하면서 오래 동안 한쪽으로 고개를 돌리고 앉아 있을 때, 베개를 높이 벤 경우, 천장 페인트 칠하기, 칠판에 글씨 쓰기, 커튼 달기, 무대가 높은 극장의 앞좌석에서 관람한 경우, 자동차 사고 때 목이 휘청한 경우(편타성 손상), 기흉이나 천식으로 인한 만성 기침, 셔츠나 넥타이로 목이 조이는 경우, 요추 천자후 두통, 축농증이나 치아의 화농"
흉쇄유돌근,,목이 뻣뻣하다,"급성 또는 만성으로 무리한 경우, 머리를 앞으로 많이 내민 자세, 텔레비젼을 보거나 대화를 하면서 오래 동안 한쪽으로 고개를 돌리고 앉아 있을 때, 베개를 높이 벤 경우, 천장 페인트 칠하기, 칠판에 글씨 쓰기, 커튼 달기, 무대가 높은 극장의 앞좌석에서 관람한 경우, 자동차 사고 때 목이 휘청한 경우(편타성 손상), 기흉이나 천식으로 인한 만성 기침, 셔츠나 넥타이로 목이 조이는 경우, 요추 천자후 두통, 축농증이나 치아의 화농"
"심, 천지굴근",,두꺼운 천을 자르거나 정원일을 할 때 가위를 사용하기 어렵다,운전대의 윗부분을 손목을 구부린 채로 잡고 운전을 한 경우  
"심, 천지굴근",,머리 뒤에 머리 핀을 꽂는 것을 못한다,운전대의 윗부분을 손목을 구부린 채로 잡고 운전을 한 경우  
"심, 천지굴근",,머리 뒤에 머리 핀을 꽂는 것을 못한다,큰 물건을 잡으면서 무리한 때
모지굴근 ,,머리 뒤에 머리 핀을 꽂는 것을 못한다,잡초를 비틀어서 뽑았을 때
원회내근 ,,컵을 쥔 손을 밖으로 돌리기 어렵다,손목이나 팔꿈치의 골절이 있을 때
모지내전근 ,,"단추 채우기, 바느질 등이 어렵다","손으로 잡초를 비틀어서 뽑았을 때, 붓으로 그림 그리기, 바느질 하기, 글씨를 많이 쓴 경우"
모지대립근 ,,"단추 채우기, 바느질 등이 어렵다","손으로 잡초를 비틀어서 뽑았을 때, 붓으로 그림 그리기, 바느질 하기, 글씨를 많이 쓴 경우"
제일배측골간근 ,,손이 뻣뻣하다,"손끝으로 작은 물건을 잡는 것을 지속적, 반복적으로 하였을 때, 손으로 잡초 뽑기, 연장을 오랫동안 힘주어 잡았을 때 "
제일배측골간근 ,,"단추 채우기, 바느질 등이 어렵다","손끝으로 작은 물건을 잡는 것을 지속적, 반복적으로 하였을 때, 손으로 잡초 뽑기, 연장을 오랫동안 힘주어 잡았을 때 "
요추능형근,,바로 누운자세에서 돌아 누우려면 아파서 힘들다,"아이나 무거운 물건을 이상한 자세로 들 때, 자동차에서 내리려고 의자에서 일어나던 중, 엉거주춤하게 서서 바지를 입는 도중, 교통사고를 당했을 경우, 활동 중에 반복해서 접질린 때, 한쪽 다리에 석고붕대를 하여 다리 길이에 차이가 생겼을 때, 한쪽 골반이 작은 경우, 많이 푹신한 침대를 사용한 경우, 앞에 기대지 않은 채로 허리를 숙인 경우"
장요근 ,,낮은 의자에서 일어나기 어렵다,"운전석에 앉는 것처럼 고관절을 많이 구부리고 오래 앉아 있을 때, 쪼그리고 잠을 잔 경우, 임신, 일어났다 앉았다를 반복한 경우, 다리 길이가 차이나는 경우"
대둔근,,언덕을 오르거나 내려갈 때 무릎 뒤가 아프다,"주저 앉았을 때, 몸을 앞으로 구부리고 언덕을 오랫동안 올라갈 때, 자극성 약물의 근육 주사를 맞았을 때, 수영(자유형)을 하였을 때, 무릎은 펴고 약간 뒤로 기대어 오랫동안 앉아 있을 때, 바지 뒷주머니에 지갑을 넣은 채로 앉았을 때, 엄지 발가락의 중족지골이 짧을 때"
교근,,귀에서 소리가 들린다,"만성적으로 입으로 숨쉬는 경우, 얼음이나 호두 같이 단단한 것을 갑자기 힘주어 깨물었을 경우, 외상, 이를 가는 경우, 껌을 오래 씹거나 손톱을 물어 뜯는 경우, 의치를 한 경우, 시거를 오래 물고 있기, 정신적인 스트레스, 치과에서 치료하는 동안 입을 오래 벌리고 있는 경우, 경추 견인을 하면서 입을 오래 다물고 있는 경우, 사고에 의한 직접적인 외상, 악관절염, 만성적인 치아의 염증"
대퇴근막장근 ,,아픈 쪽으로 눕기 어렵다,"높은 곳에서 뛰어 내리면서 양발로 착지하였을 때, 언덕길을 달려서 오르내렸을 때, 규칙적으로 한쪽으로 기울어진 길을 걸었을 때, 쪼그리고 잠을 잤을 때, 고관절을 많이 구부리고 오래 앉았을 때"
모지내전근 ,,발이 저린다,"신발이 발을 조일 때, 발에 골절이 있을 때, 발에 타박상을 입었을 때, 발가락으로 단단한 것을 찼을 때, 모래 위를 걸었을 때, 울퉁불퉁한 길을 걸었을 때, 추운날 젖은 양말을 신었을 때, 평발이 심할 때, 신발 바닥이 뻣뻣한 경우"
측두근,,이가 서로 맞지 않는다,"턱의 고정, 이를 가는 경우, 경추 견인을 하면서 입을 오래 다물고 있는 경우, 추위에 오래 노출되었을 때, 직접적인 외상, 편타성 손상, 갑상선기능 저하증"
극하근,,어깨가 피곤하다,"팔을 위와 뒤로 뻗어서 침대 밑의 전등에 손을 뻗었을 때, 처음 스케이트를 타는 사람을 끌고 다녔을 때, 긴 막대를 많이 지쳤을 때"
장요측수근신근 ,,"손목을 힘주어 비틀면 통증이 심해진다(문고리 돌릴 때, 나사못을 돌려 박을 때)","모종삽으로 잡초를 뽑았을 때, 악수를 많이 하였을 때, 자동차 유리의 성애를 제거하였을 때, 다리미질을 많이 하였을 때, 나사못 드라이버를 많이 사용하였을 때, 크고 무거운 문진을 반복해서 들었을 때"
수지신전근,,자다가 깬다,농작업 시 힘들게 반복해서 손가락을 사용하였을 때
장장근 ,,손바닥에 딱딱하게 굳은 구축이 있다,"넘어지면서 손목이 뒤로 젖혀진 상태로 손을 짚었을 때, 지팡이의 손잡이를 손바닥으로 잡았을 떄, 나사못 드라이버의 뒤 끝을 손바닥으로 잡았을 때, 테니스 채의 손잡이 끝을 손바닥으로 잡았을 때 "
장장근 ,,손바닥을 바늘로 콕콕 찌르는 느낌이 있다.,"넘어지면서 손목이 뒤로 젖혀진 상태로 손을 짚었을 때, 지팡이의 손잡이를 손바닥으로 잡았을 떄, 나사못 드라이버의 뒤 끝을 손바닥으로 잡았을 때, 테니스 채의 손잡이 끝을 손바닥으로 잡았을 때 "
흉쇄유돌근,,어지러워서 균형을 잃었다,"급성 또는 만성으로 무리한 경우, 머리를 앞으로 많이 내민 자세, 텔레비젼을 보거나 대화를 하면서 오래 동안 한쪽으로 고개를 돌리고 앉아 있을 때, 베개를 높이 벤 경우, 천장 페인트 칠하기, 칠판에 글씨 쓰기, 커튼 달기, 무대가 높은 극장의 앞좌석에서 관람한 경우, 자동차 사고 때 목이 휘청한 경우(편타성 손상), 기흉이나 천식으로 인한 만성 기침, 셔츠나 넥타이로 목이 조이는 경우, 요추 천자후 두통, 축농증이나 치아의 화농"
교근,,턱 부위나 귀 주변에서 통증이 느껴진다.,"만성적으로 입으로 숨쉬는 경우, 얼음이나 호두 같이 단단한 것을 갑자기 힘주어 깨물었을 경우, 외상, 이를 가는 경우, 껌을 오래 씹거나 손톱을 물어 뜯는 경우, 의치를 한 경우, 시거를 오래 물고 있기, 정신적인 스트레스, 치과에서 치료하는 동안 입을 오래 벌리고 있는 경우, 경추 견인을 하면서 입을 오래 다물고 있는 경우, 사고에 의한 직접적인 외상, 악관절염, 만성적인 치아의 염증"
내측광근,,자다가 깬다,"당뇨 환자가 다리에 인슐린 주사를 맞았을 때, 계단을 내려가면서 다리를 헛 디뎠을 때, 운동을 하면서 무릎을 많이 구부리는 경우, 무릎(넓적다리) 위에 무거운 물건을 놓고 오래 앉아 있을 때, 한발을 엉덩이 밑에 깔고 앉을 때, 평발인 경우, 달리기, 축구 등을 하면서 발이 과도하게 발이 내전되었을 때, 안전벨트를 하지 않은 상태에서 자동차 사고를 당하여 무릎을 앞쪽에 찧었을 때, 단단한 바닥에 무릎 꿇고 앉아 있을 때 "
외측광근,,아픈 쪽으로 눕기 어렵다,"당뇨 환자가 다리에 인슐린 주사를 맞았을 때, 계단을 내려가면서 다리를 헛 디뎠을 때, 운동을 하면서 무릎을 많이 구부리는 경우, 무릎(넓적다리) 위에 무거운 물건을 놓고 오래 앉아 있을 때, 한발을 엉덩이 밑에 깔고 앉을 때, 넓적다리에 직접 외상이 가해진 경우"
외측광근,,슬개골이 고정되어 무릎을 펴기 어렵다,"당뇨 환자가 다리에 인슐린 주사를 맞았을 때, 계단을 내려가면서 다리를 헛 디뎠을 때, 운동을 하면서 무릎을 많이 구부리는 경우, 무릎(넓적다리) 위에 무거운 물건을 놓고 오래 앉아 있을 때, 한발을 엉덩이 밑에 깔고 앉을 때, 넓적다리에 직접 외상이 가해진 경우"
내전근 ,,다리를 바깥 쪽으로 돌리는 것이 제한된다,"얼음 위에서 미끄러지면서 다리 가랭이가 벌어지지 않게 하려고 힘을 주었을 때, 고관절의 퇴행성관절염, 오랫동안 같은 자세로 운전을 했을 때"
대내전근,,밤에 잠자리가 불편하다,"얼음 위에서 미끄러지면서 다리 가랭이가 벌어지지 않게 하려고 힘을 주었을 때, 고관절의 퇴행성관절염, 오랫동안 같은 자세로 운전을 했을 때"
대내전근,,골반 속이 아프다,"얼음 위에서 미끄러지면서 다리 가랭이가 벌어지지 않게 하려고 힘을 주었을 때, 고관절의 퇴행성관절염, 오랫동안 같은 자세로 운전을 했을 때"
박근 ,,걸으면 좋아진다,얼음 위에서 미끄러지면서 다리 가랭이가 벌어지지 않게 하려고 힘을 주었을 때
반건양근과 반막상근 ,,걸으면 배가 아프다,"다리 길이에 비해서 의자 좌석의 높이가 높아서 넓적다리 밑이 눌렸을 때, 한쪽 골반이 작은 경우, 허리통증을 치료하면서 고관절과 슬관절을 반쯤 구부린채로 비스듬하게 누워있었을 때"
전경골근 ,,발을 끈다,"발목에 염좌나 골절이 있을 때, 바닥이 험한 길을 걸었을 때"
전경골근 ,,걸을 때 발이 들리지 않는다,"발목에 염좌나 골절이 있을 때, 바닥이 험한 길을 걸었을 때"
"장,단비골근 ",,발목이 부러진 적이 있다,"발목이 비틀린 상태로 발을 디뎠을 때(발목이 안쪽으로 접질렸을 때), 오랫동안 움직이지 않아서 근약증이 있을 때, 엄지 발가락은 짧고 둘째 발가락이 긴 경우, 발을 아랫쪽으로 뻗고 잠을 잤을 때, 굽이 높은 신을 신었을 때, 평발인 경우나 신발에 아치가 없을 때, 양말 입구의 고무가 근육을 누르는 경우"
"장,단비골근 ",,발목이 자주 삔다,"발목이 비틀린 상태로 발을 디뎠을 때(발목이 안쪽으로 접질렸을 때), 오랫동안 움직이지 않아서 근약증이 있을 때, 엄지 발가락은 짧고 둘째 발가락이 긴 경우, 발을 아랫쪽으로 뻗고 잠을 잤을 때, 굽이 높은 신을 신었을 때, 평발인 경우나 신발에 아치가 없을 때, 양말 입구의 고무가 근육을 누르는 경우"
"장,단비골근 ",,발목이 불안정하다,"발목이 비틀린 상태로 발을 디뎠을 때(발목이 안쪽으로 접질렸을 때), 오랫동안 움직이지 않아서 근약증이 있을 때, 엄지 발가락은 짧고 둘째 발가락이 긴 경우, 발을 아랫쪽으로 뻗고 잠을 잤을 때, 굽이 높은 신을 신었을 때, 평발인 경우나 신발에 아치가 없을 때, 양말 입구의 고무가 근육을 누르는 경우"
"장,단비골근 ",,발목이 약하다,"발목이 비틀린 상태로 발을 디뎠을 때(발목이 안쪽으로 접질렸을 때), 오랫동안 움직이지 않아서 근약증이 있을 때, 엄지 발가락은 짧고 둘째 발가락이 긴 경우, 발을 아랫쪽으로 뻗고 잠을 잤을 때, 굽이 높은 신을 신었을 때, 평발인 경우나 신발에 아치가 없을 때, 양말 입구의 고무가 근육을 누르는 경우"
제삼비골근 ,,발목이 부러진 적이 있다,"발목이 비틀린 상태로 발을 디뎠을 때(발목이 안쪽으로 접질렸을 때), 오랫동안 움직이지 않아서 근약증이 있을 때"
제삼비골근 ,,발목이 자주 삔다,"발목이 비틀린 상태로 발을 디뎠을 때(발목이 안쪽으로 접질렸을 때), 오랫동안 움직이지 않아서 근약증이 있을 때"
제삼비골근 ,,발목이 불안정하다,"발목이 비틀린 상태로 발을 디뎠을 때(발목이 안쪽으로 접질렸을 때), 오랫동안 움직이지 않아서 근약증이 있을 때"
제삼비골근 ,,발목이 약하다,"발목이 비틀린 상태로 발을 디뎠을 때(발목이 안쪽으로 접질렸을 때), 오랫동안 움직이지 않아서 근약증이 있을 때"
비복근,,걷다가 다리를 전다,"급경사길을 걷거나 달려서 올라갔을 때, 안장이 낮은 자전거를 탔을 때, 발목이나 다리의 골절이 있을 때, 양말 입구의 고무가 근육을 누르는 경우, 굽이 높은 구두를 신었을 때, 발목을 아래로 뻗고 잠을 잤을 때, 의자의 다리 받침이 종아리를 누르는 경우"
비복근,,가파른 경사를 오를 때 무릎 뒤가 아프다,"급경사길을 걷거나 달려서 올라갔을 때, 안장이 낮은 자전거를 탔을 때, 발목이나 다리의 골절이 있을 때, 양말 입구의 고무가 근육을 누르는 경우, 굽이 높은 구두를 신었을 때, 발목을 아래로 뻗고 잠을 잤을 때, 의자의 다리 받침이 종아리를 누르는 경우"
족저방형근 ,,통증 때문에 걷기 어렵다,"신발이 발을 조일 때, 발에 골절이 있을 때, 발에 타박상을 입었을 때, 발가락으로 단단한 것을 찼을 때, 모래 위를 걸었을 때, 울퉁불퉁한 길을 걸었을 때, 추운날 젖은 양말을 신었을 때, 평발이 심할 때, 신발 바닥이 뻣뻣한 경우"
족골간근,,발가락이 구부러졌다,"신발이 발을 조일 때, 발에 골절이 있을 때, 발에 타박상을 입었을 때, 발가락으로 단단한 것을 찼을 때, 모래 위를 걸었을 때, 울퉁불퉁한 길을 걸었을 때, 추운날 젖은 양말을 신었을 때, 평발이 심할 때, 신발 바닥이 뻣뻣한 경우"
내측익상근 ,,음식을 삼키기가 불편하다,"머리가 몸보다 앞으로 나간 자세, 엄지 손가락 빠는 습관, 껌을 심하게 씹는 경우, 이를 가는 경우, 이를 꽉 다물고 있는 경우, 정신적인 긴장, 외측 익상근에 대한 이차적인 통증유발점 발생"
외측익상근 ,,축농증 때문에 콧물이 많이 나온다,"이를 가는 경우, 껌을 심하게 씹는 경우, 손톱 깨물기"
외측익상근 ,,이가 서로 맞지 않는다,"이를 가는 경우, 껌을 심하게 씹는 경우, 손톱 깨물기"
악이복근,,고개 돌리면 삼킬 때 통증이 심해지므로 고개 돌리기 싫다,"이를 가는 경우, 축농증이나 알레르기성 비염으로 코가 막혀서 입으로 숨을 쉬는 경우, 편타성 손상"
악이복근,,이를 간다,"이를 가는 경우, 축농증이나 알레르기성 비염으로 코가 막혀서 입으로 숨을 쉬는 경우, 편타성 손상"
악이복근,,시력이 나빠졌다,"이를 가는 경우, 축농증이나 알레르기성 비염으로 코가 막혀서 입으로 숨을 쉬는 경우, 편타성 손상"
악이복근,,눈이 침침하다,"이를 가는 경우, 축농증이나 알레르기성 비염으로 코가 막혀서 입으로 숨을 쉬는 경우, 편타성 손상"
악이복근,,어지럽다,"이를 가는 경우, 축농증이나 알레르기성 비염으로 코가 막혀서 입으로 숨을 쉬는 경우, 편타성 손상"
악이복근,,목 속에 무엇이 걸렸다,"이를 가는 경우, 축농증이나 알레르기성 비염으로 코가 막혀서 입으로 숨을 쉬는 경우, 편타성 손상"
악이복근,,입으로 숨을 쉰다,"이를 가는 경우, 축농증이나 알레르기성 비염으로 코가 막혀서 입으로 숨을 쉬는 경우, 편타성 손상"
악이복근,,턱이 앞으로 나왔다,"이를 가는 경우, 축농증이나 알레르기성 비염으로 코가 막혀서 입으로 숨을 쉬는 경우, 편타성 손상"
악이복근,,턱 밑에 무엇인가 붙어있는 느낌,"이를 가는 경우, 축농증이나 알레르기성 비염으로 코가 막혀서 입으로 숨을 쉬는 경우, 편타성 손상"
악이복근,,음식을 삼키기가 불편하다,"이를 가는 경우, 축농증이나 알레르기성 비염으로 코가 막혀서 입으로 숨을 쉬는 경우, 편타성 손상"
제이배측골간근 ,,"단추 채우기, 바느질 등이 어렵다","손끝으로 작은 물건을 잡는 것을 지속적, 반복적으로 하였을 때, 손으로 잡초 뽑기, 연장을 오랫동안 힘주어 잡았을 때 "
제이배측골간근 ,,손가락 마디가 아프다,"손끝으로 작은 물건을 잡는 것을 지속적, 반복적으로 하였을 때, 손으로 잡초 뽑기, 연장을 오랫동안 힘주어 잡았을 때 "
늑간근 ,,"심호흡, 기침, 재채기를 하면 통증이 심해진다","직접적인 외상, 심한 기침, 흉부 수술, 대상포진, 늑골 골절 등이 있을 때, 기흉이나 늑막염이 있을 때"
전거근 ,,가슴이 아프다,"빠르게 달리기, 오래 달리기, 팔굽혀 펴기, 머리 위로 무거운 물건 들기, 심한 기침을 하였을 때, 운전을 하던 중에 사고를 피하기 위하여 운전대를 갑자기 돌렸을 때, 팔은 물건을 잡은 상태에서 몸통을 돌린 경우 "
하후거근 ,,스트레칭하면 통증이 좋아진다,"물건을 들어서 몸을 돌려서 내려놓는 동작이 함께 이루어 지면서 부담이 될 때, 다리 길이가 다를 때, 사다리에서 머리 위에 있는 작업을 하면서 등이 뒤로 젖혀지는 경우"
요장륵근,,몸통의 움직임이 많이 제한된다,"갑작스럽게 몸을 구부리면서 비트는 동작이 동시에 이루어 질 때-특히 피로하거나 차가운 환경에서, 갑작스런 부하가 주어졌을 때, 장시간 반복하거나 지속적으로 근육이 수축을 하였을 때, 평발, 편타성 손상, 오래 꼼짝하지 않고 앉아 있을 때"
복직근,,물건을 들기 위해서 허리를 숙이면 통증이 심해진다,"기생충이 내장에 서식하는 경우와 같은 내장의 질환, 맹장염이나 자궁에 대한 수술을 하였을 경우, 정서적으로 긴장한 경우, 윗몸일으키기를 많이 한 경우, 추위에 노출된 경우, 변비가 있을 때, 앉아서 몸을 앞으로 구부리고 있을 때"
추체근 ,,지속적으로 통증이 나타난다. 통증은 움직임과 관계있고 음식을 먹거나 배변을 하는 것과는 상관이 없다,"기생충이 내장에 서식하는 경우와 같은 내장의 질환, 맹장염이나 자궁에 대한 수술을 하였을 경우, 정서적으로 긴장한 경우, 윗몸일으키기를 많이 한 경우, 추위에 노출된 경우, 변비가 있을 때, 앉아서 몸을 앞으로 구부리고 있을 때"
교근,,악관절이 아프다,"만성적으로 입으로 숨쉬는 경우, 얼음이나 호두 같이 단단한 것을 갑자기 힘주어 깨물었을 경우, 외상, 이를 가는 경우, 껌을 오래 씹거나 손톱을 물어 뜯는 경우, 의치를 한 경우, 시거를 오래 물고 있기, 정신적인 스트레스, 치과에서 치료하는 동안 입을 오래 벌리고 있는 경우, 경추 견인을 하면서 입을 오래 다물고 있는 경우, 사고에 의한 직접적인 외상, 악관절염, 만성적인 치아의 염증"
중간광근 ,,계단을 오를 수 없다,"당뇨 환자가 다리에 인슐린 주사를 맞았을 때, 계단을 내려가면서 다리를 헛 디뎠을 때, 운동을 하면서 무릎을 많이 구부리는 경우, 무릎(넓적다리) 위에 무거운 물건을 놓고 오래 앉아 있을 때, 한발을 엉덩이 밑에 깔고 앉을 때, 다른 광근의 2차 유발점"
외측광근,,무릎 종지뼈가 고정된다,"당뇨 환자가 다리에 인슐린 주사를 맞았을 때, 계단을 내려가면서 다리를 헛 디뎠을 때, 운동을 하면서 무릎을 많이 구부리는 경우, 무릎(넓적다리) 위에 무거운 물건을 놓고 오래 앉아 있을 때, 한발을 엉덩이 밑에 깔고 앉을 때, 넓적다리에 직접 외상이 가해진 경우"
내전근 ,,다리에 체중을 싣거나 몸을 비틀면 통증이 심해진다,"얼음 위에서 미끄러지면서 다리 가랭이가 벌어지지 않게 하려고 힘을 주었을 때, 고관절의 퇴행성관절염, 오랫동안 같은 자세로 운전을 했을 때"
대내전근,,수면 중 다리를 편하게 두기 어려워 아프지 않은 쪽으로 누워서 다리사이에 베개를 넣는다,"얼음 위에서 미끄러지면서 다리 가랭이가 벌어지지 않게 하려고 힘을 주었을 때, 고관절의 퇴행성관절염, 자전거를 오래 탔을 때, 자동차 앞좌석에 앉으려고 하다가 발을 잘 못 디딘 경우, 오랫동안 같은 자세로 운전을 했을 때"
대내전근,,성관계를 할 때 아프다,"얼음 위에서 미끄러지면서 다리 가랭이가 벌어지지 않게 하려고 힘을 주었을 때, 고관절의 퇴행성관절염, 오랫동안 같은 자세로 운전을 했을 때"
반건양근과 반막상근 ,,의자에서 일어날 때 넓적다리 뒤가 아프다,"다리 길이에 비해서 의자 좌석의 높이가 높아서 넓적다리 밑이 눌렸을 때, 한쪽 골반이 작은 경우, 허리통증을 치료하면서 고관절과 슬관절을 반쯤 구부린채로 비스듬하게 누워있었을 때"
슬와근 ,,언덕이나 계단을 내려갈 때 무릎 뒤가 아프다,"달리기, 축구와 스키타기를 하였을 때, 후방 십자인대가 손상된 경우, 심한 평발 일 때"
전경골근 ,,발목이 약하다,"발목에 염좌나 골절이 있을 때, 바닥이 험한 길을 걸었을 때"
족저방형근 ,,발이 저린다,"신발이 발을 조일 때, 발에 골절이 있을 때, 발에 타박상을 입었을 때, 발가락으로 단단한 것을 찼을 때, 모래 위를 걸었을 때, 울퉁불퉁한 길을 걸었을 때, 추운날 젖은 양말을 신었을 때, 평발이 심할 때, 신발 바닥이 뻣뻣한 경우"
단모지굴근 ,,발이 부은 느낌이다,"신발이 발을 조일 때, 발에 골절이 있을 때, 발에 타박상을 입었을 때, 발가락으로 단단한 것을 찼을 때, 모래 위를 걸었을 때, 울퉁불퉁한 길을 걸었을 때, 추운날 젖은 양말을 신었을 때, 평발이 심할 때, 신발 바닥이 뻣뻣한 경우"
족골간근,,통증 때문에 걷기 어렵다,"신발이 발을 조일 때, 발에 골절이 있을 때, 발에 타박상을 입었을 때, 발가락으로 단단한 것을 찼을 때, 모래 위를 걸었을 때, 울퉁불퉁한 길을 걸었을 때, 추운날 젖은 양말을 신었을 때, 평발이 심할 때, 신발 바닥이 뻣뻣한 경우"
승모근,,옆머리가 아프다,"양쪽 다리 길이에 차이가 있을 때, 한쪽 골반이 작을 때, 자동차 사고 때 목이 휘청한 경우(편타성 손상), 길이가 너무 긴 지팡이를 사용하는 경우, 컴퓨터 자판이 너무 높을 때, 무거운 물건을 오래 들었을 때, 젖가슴이 큰 여성이 좁은 어깨끈의 브라를 했을 때, 무거운 코트를 입었을 때, 전화 수화기를 어깨와 턱사이에 고이고 전화를 하였을 때, 옆에 있는 사람과 대화를 하기 위해 오랫동안 고개를 옆으로 돌리고 있는 경우"
사각근 ,,손에 들고 있던 물건을 놓친다,"직접적인 외상, 무거운 것을 들었을 때, 수영 시합을 하였을 때, 커다란 물건 옮기기, 갑작스럽게 심한 기침을 하였을 때, 편타성 손상, 양쪽 다리 길이에 차이가 있거나 골반의 크기가 달라서  어깨의 높이가 다른 경우"
극하근,,등 뒤에서 브래지어를 잠그지 못한다,"팔을 위와 뒤로 뻗어서 침대 밑의 전등에 손을 뻗었을 때, 처음 스케이트를 타는 사람을 끌고 다녔을 때, 긴 막대를 많이 지쳤을 때"
삼각근,,팔을 옆으로 들기 어렵다,"이곳에 근육주사를 맞았을 때, 긴 연장을 심하게 휘두르며 사용하였을 때"
삼각근,,팔을 옆으로 들기 어렵다,팔을 힘주어 반복해서 옆으로 벌리는 경우
오훼완근 ,,손을 등 뒤로 돌려서 반대 쪽 팔을 잡을 수 없다,"전삼각근, 상완이두근, 대흉근에 근막통증후군의 통증유발점이 있을 때"
이두박근 ,,팔을 어깨 높이 이상 들어올리면 아프다,"손바닥을 위로 보게한 채 무거운 물건을 들었을 때, 나사못을 박기 위해 드라이버를 많이 사용한 경우, 눈을 치운 경우"
상완근 ,,엄지손가락이 저리다,"팔꿈치를 구부린 채 무거운 물건을 들 때, 다리미질을 오래 하였을 때"
"삼두박근,내측두",,골프나 테니스를 하면서 팔꿈치를 힘차게 펼 때 아프다,"길이가 긴 지팡이를 심하게 사용하였을 때, 테니스를 치면서 백핸드로 하다가 헛손질을 하였을 때, 수동변속기 자동차를 가지고 시내 주행을 하였을 때, 복사를 하면서 책을 여러 번 눌렀을 때"
"삼두박근,외측두",,골프나 테니스를 하면서 팔꿈치를 힘차게 펼 때 아프다,"길이가 긴 지팡이를 심하게 사용하였을 때, 테니스를 치면서 백핸드로 하다가 헛손질을 하였을 때, 수동변속기 자동차를 가지고 시내 주행을 하였을 때, 복사를 하면서 책을 여러 번 눌렀을 때"
"삼두박근,원위부",,골프나 테니스를 하면서 팔꿈치를 힘차게 펼 때 아프다,"길이가 긴 지팡이를 심하게 사용하였을 때, 테니스를 치면서 백핸드로 하다가 헛손질을 하였을 때, 수동변속기 자동차를 가지고 시내 주행을 하였을 때, 복사를 하면서 책을 여러 번 눌렀을 때"
"삼두박근,심내측두",,골프나 테니스를 하면서 팔꿈치를 힘차게 펼 때 아프다,"길이가 긴 지팡이를 심하게 사용하였을 때, 테니스를 치면서 백핸드로 하다가 헛손질을 하였을 때, 수동변속기 자동차를 가지고 시내 주행을 하였을 때, 복사를 하면서 책을 여러 번 눌렀을 때"
주근 ,,골프나 테니스를 하면서 팔꿈치를 힘차게 펼 때 아프다,"길이가 긴 지팡이를 심하게 사용하였을 때, 테니스를 치면서 백핸드로 하다가 헛손질을 하였을 때, 수동변속기 자동차를 가지고 시내 주행을 하였을 때, 복사를 하면서 책을 여러 번 눌렀을 때"
척측수근신근 ,,"손목을 힘주어 비틀면 통증이 심해진다(문고리 돌릴 때, 나사못을 돌려 박을 때)","척골이 골절 되었을 때, 오십견이 있어서 손목을 많이 사용하였을 때"
척측수근신근 ,,손을 꽉 쥐면 아프다(악수할 때),"척골이 골절 되었을 때, 오십견이 있어서 손목을 많이 사용하였을 때"
단요측수근신근 ,,"손목을 힘주어 비틀면 통증이 심해진다(문고리 돌릴 때, 나사못을 돌려 박을 때)","모종삽으로 잡초를 뽑았을 때, 악수를 많이 하였을 때, 자동차 유리의 성애를 제거하였을 때, 다리미질을 많이 하였을 때, 나사못 드라이버를 많이 사용하였을 때, 크고 무거운 문진을 반복해서 들었을 때"
항문괄략근 ,,앉아 있는 것이 편하지 않다.,"심하게 주저 앉았을 때, 자동차 사고, 골반 주변에 수술을 받았을 경우, 오랫동안 웅크린 자세로 앉아 있을 때, 천장관절에 이상이 있을 때, 만성 치질이나 만성 골반내 염증이 있을 때"
이상근 ,,남성인 경우 발기부전이 있다,"쪼그려 앉으면서 다리 가랭이 사이에 큰 물건을 내려 놓을 때, 무거운 물건을 들기 위해서 허리를 구부린 채로 옆으로 비틀었을 때, 누워서 고관절을 구부린 채 다리를 벌리고 있는 경우, 둔부에 대한 직접적인 타박상, 운전을 하면서 가속 패달을 오랫동안 밟고 있을 때, 골반내 염증이 있을 때, 고관절에 관절염이 있을 때"
대퇴직근 ,,옆으로 누워서 자다가 무릎이 아파서 깬다,"당뇨 환자가 다리에 인슐린 주사를 맞았을 때, 계단을 내려가면서 다리를 헛 디뎠을 때, 운동을 하면서 무릎을 많이 구부리는 경우, 무릎(넓적다리) 위에 무거운 물건을 놓고 오래 앉아 있을 때, 한발을 엉덩이 밑에 깔고 앉을 때, 고관절 골절이 있을 때 "
능형근 ,,어깨뼈 주변에서 소리가 난다,"천장에 페인트를 칠할 때, 글을 쓰거나 바느질을 하면서 등이 굽은 자세로 오래 있을 때 "
완요골근 ,,손을 꽉 쥐면 아프다(악수할 때),"모종삽으로 잡초를 뽑았을 때, 악수를 많이 하였을 때, 자동차 유리의 성애를 제거하였을 때, 다리미질을 많이 하였을 때, 나사못 드라이버를 많이 사용하였을 때, 크고 무거운 문진을 반복해서 들었을 때"
수지신전근,,주먹 쥐는 힘이 약하다,농작업 시 힘들게 반복해서 손가락을 사용하였을 때
시지신전근 ,,주먹 쥐는 힘이 약하다,농작업 시 힘들게 반복해서 손가락을 사용하였을 때
흉쇄유돌근,,눈이 침침하다,"급성 또는 만성으로 무리한 경우, 머리를 앞으로 많이 내민 자세, 텔레비젼을 보거나 대화를 하면서 오래 동안 한쪽으로 고개를 돌리고 앉아 있을 때, 베개를 높이 벤 경우, 천장 페인트 칠하기, 칠판에 글씨 쓰기, 커튼 달기, 무대가 높은 극장의 앞좌석에서 관람한 경우, 자동차 사고 때 목이 휘청한 경우(편타성 손상), 기흉이나 천식으로 인한 만성 기침, 셔츠나 넥타이로 목이 조이는 경우, 요추 천자후 두통, 축농증이나 치아의 화농"
흉쇄유돌근,,콧물이 난다,"급성 또는 만성으로 무리한 경우, 머리를 앞으로 많이 내민 자세, 텔레비젼을 보거나 대화를 하면서 오래 동안 한쪽으로 고개를 돌리고 앉아 있을 때, 베개를 높이 벤 경우, 천장 페인트 칠하기, 칠판에 글씨 쓰기, 커튼 달기, 무대가 높은 극장의 앞좌석에서 관람한 경우, 자동차 사고 때 목이 휘청한 경우(편타성 손상), 기흉이나 천식으로 인한 만성 기침, 셔츠나 넥타이로 목이 조이는 경우, 요추 천자후 두통, 축농증이나 치아의 화농"
흉쇄유돌근,,코가 막힌다,"급성 또는 만성으로 무리한 경우, 머리를 앞으로 많이 내민 자세, 텔레비젼을 보거나 대화를 하면서 오래 동안 한쪽으로 고개를 돌리고 앉아 있을 때, 베개를 높이 벤 경우, 천장 페인트 칠하기, 칠판에 글씨 쓰기, 커튼 달기, 무대가 높은 극장의 앞좌석에서 관람한 경우, 자동차 사고 때 목이 휘청한 경우(편타성 손상), 기흉이나 천식으로 인한 만성 기침, 셔츠나 넥타이로 목이 조이는 경우, 요추 천자후 두통, 축농증이나 치아의 화농"
"심, 천지굴근",,두꺼운 천을 자르거나 정원일을 할 때 가위를 사용하기 어렵다,큰 물건을 잡으면서 무리한 때
모지굴근 ,,두꺼운 천을 자르거나 정원일을 할 때 가위를 사용하기 어렵다,잡초를 비틀어서 뽑았을 때
모지내전근 ,,엄지 손가락의 움직임이 둔하다,"손으로 잡초를 비틀어서 뽑았을 때, 붓으로 그림 그리기, 바느질 하기, 글씨를 많이 쓴 경우"
모지대립근 ,,엄지 손가락의 움직임이 둔하다,"손으로 잡초를 비틀어서 뽑았을 때, 붓으로 그림 그리기, 바느질 하기, 글씨를 많이 쓴 경우"
제일배측골간근 ,,손가락 마디에 혹이 생겼다,"손끝으로 작은 물건을 잡는 것을 지속적, 반복적으로 하였을 때, 손으로 잡초 뽑기, 연장을 오랫동안 힘주어 잡았을 때 "
흉쇄유돌근,,단단한 바닥에 베개 없이 누울 때 어지럽다,"급성 또는 만성으로 무리한 경우, 머리를 앞으로 많이 내민 자세, 텔레비젼을 보거나 대화를 하면서 오래 동안 한쪽으로 고개를 돌리고 앉아 있을 때, 베개를 높이 벤 경우, 천장 페인트 칠하기, 칠판에 글씨 쓰기, 커튼 달기, 무대가 높은 극장의 앞좌석에서 관람한 경우, 자동차 사고 때 목이 휘청한 경우(편타성 손상), 기흉이나 천식으로 인한 만성 기침, 셔츠나 넥타이로 목이 조이는 경우, 요추 천자후 두통, 축농증이나 치아의 화농"
장모지굴근 ,,신발을 바꾸거나 깔창을 맞추었다,"울퉁불퉁한 길이나 옆으로 경사진 길에서 달리기를 하였을 때, 평발이 심한 경우, 발의 아치가 높은 경우, 많이 닳은 신발을 신고 달리기를 한 경우, 신발의 바닥이 너무 뻣뻣한 경우"
"장,단족지신근 ",,다리를 절며 조금 밖에 걸을 수 없다,"신발이 발을 조일 때, 석고 붕대를 하고 발가락을 움직이지 못했을 때, 심한 평발인 경우, 발에 외상이 가해진 경우, 미끄러운 바닥에서 바퀴달린 의자를 굴리려고 할 때, 울퉁불퉁한 길에서 달리기를 하였을 때 "
승모근,,양쪽 날개뼈 사이가 뜨겁게 아파요,"오랫 동안 운전대 위를 잡고 운전하는 것처럼 팔을 앞으로 나란히 자세로 오래 있을 때, 등이 둥그렇게 굽은 경우"
흉쇄유돌근,,눈꺼풀이 쳐진다,"급성 또는 만성으로 무리한 경우, 머리를 앞으로 많이 내민 자세, 텔레비젼을 보거나 대화를 하면서 오래 동안 한쪽으로 고개를 돌리고 앉아 있을 때, 베개를 높이 벤 경우, 천장 페인트 칠하기, 칠판에 글씨 쓰기, 커튼 달기, 무대가 높은 극장의 앞좌석에서 관람한 경우, 자동차 사고 때 목이 휘청한 경우(편타성 손상), 기흉이나 천식으로 인한 만성 기침, 셔츠나 넥타이로 목이 조이는 경우, 요추 천자후 두통, 축농증이나 치아의 화농"
흉쇄유돌근,,멀미한다,"급성 또는 만성으로 무리한 경우, 머리를 앞으로 많이 내민 자세, 텔레비젼을 보거나 대화를 하면서 오래 동안 한쪽으로 고개를 돌리고 앉아 있을 때, 베개를 높이 벤 경우, 천장 페인트 칠하기, 칠판에 글씨 쓰기, 커튼 달기, 무대가 높은 극장의 앞좌석에서 관람한 경우, 자동차 사고 때 목이 휘청한 경우(편타성 손상), 기흉이나 천식으로 인한 만성 기침, 셔츠나 넥타이로 목이 조이는 경우, 요추 천자후 두통, 축농증이나 치아의 화농"
흉쇄유돌근,,귀가 잘 들리지 않는다,"급성 또는 만성으로 무리한 경우, 머리를 앞으로 많이 내민 자세, 텔레비젼을 보거나 대화를 하면서 오래 동안 한쪽으로 고개를 돌리고 앉아 있을 때, 베개를 높이 벤 경우, 천장 페인트 칠하기, 칠판에 글씨 쓰기, 커튼 달기, 무대가 높은 극장의 앞좌석에서 관람한 경우, 자동차 사고 때 목이 휘청한 경우(편타성 손상), 기흉이나 천식으로 인한 만성 기침, 셔츠나 넥타이로 목이 조이는 경우, 요추 천자후 두통, 축농증이나 치아의 화농"
외측익상근 ,,악관절이 아프다,"이를 가는 경우, 껌을 심하게 씹는 경우, 손톱 깨물기"
외측익상근 ,,이명,"이를 가는 경우, 껌을 심하게 씹는 경우, 손톱 깨물기"
대내전근,,골반 속이 아프다,"얼음 위에서 미끄러지면서 다리 가랭이가 벌어지지 않게 하려고 힘을 주었을 때, 고관절의 퇴행성관절염, 자전거를 오래 탔을 때, 자동차 앞좌석에 앉으려고 하다가 발을 잘 못 디딘 경우, 오랫동안 같은 자세로 운전을 했을 때"
대내전근,,수면 중 다리를 편하게 두기 어려워 아프지 않은 쪽으로 누워서 다리사이에 베개를 넣는다,"얼음 위에서 미끄러지면서 다리 가랭이가 벌어지지 않게 하려고 힘을 주었을 때, 고관절의 퇴행성관절염, 오랫동안 같은 자세로 운전을 했을 때"
대퇴이두근 ,,밤에 아파서 잠을 설친다,"다리 길이에 비해서 의자 좌석의 높이가 높아서 넓적다리 밑이 눌렸을 때, 한쪽 골반이 작은 경우, 허리통증을 치료하면서 고관절과 슬관절을 반쯤 구부린채로 비스듬하게 누워있었을 때"
후경골근 ,,불규칙한 바닥을 걸을 때나 달리면 발과 아킬레스건 주변이 아프다,"울퉁불퉁한 길에서 달리기를 하였을 때, 평발인 경우"
장모지신근 ,,걷는 동안 발에 힘이 약하다,"자동차 가속 페달이 빡빡한 경우, 굽이 높은 신을 신었을 때, 아킬레스 건이 짧아진 경우, 달리기를 많이 한 때, 고르지 않은 길을 걸었을 때, 비골이나 경골이 골절되었을 때, 발을 발바닥쪽으로 구부린채 잠을 잤을 때"
능형근 ,,아픈 쪽으로 눕거나 등이 굽었을 때 통증이 심해진다 ,"천장에 페인트를 칠할 때, 글을 쓰거나 바느질을 하면서 등이 굽은 자세로 오래 있을 때 "
장요측수근신근 ,,"주먹 쥐는 힘이 약하다(테니스 라켓을 놓친다, 주스병에서 주스를 따르기 어렵다)","모종삽으로 잡초를 뽑았을 때, 악수를 많이 하였을 때, 자동차 유리의 성애를 제거하였을 때, 다리미질을 많이 하였을 때, 나사못 드라이버를 많이 사용하였을 때, 크고 무거운 문진을 반복해서 들었을 때"
완요골근 ,,"주먹 쥐는 힘이 약하다(테니스 라켓을 놓친다, 주스병에서 주스를 따르기 어렵다)","모종삽으로 잡초를 뽑았을 때, 악수를 많이 하였을 때, 자동차 유리의 성애를 제거하였을 때, 다리미질을 많이 하였을 때, 나사못 드라이버를 많이 사용하였을 때, 크고 무거운 문진을 반복해서 들었을 때"
척측수근굴근 ,,두꺼운 천을 자르거나 정원일을 할 때 가위를 사용하기 어렵다,"긴 막대를 오래 잡고 있을 때, 목수가 연장을 오래 잡고 있을 때"
가자미근,,밤에 발뒤꿈치가 아프다,"근육이 추위에 노출 되었을 때, 다리 길이가 짧을 때, 딱딱하고 미끄러운 길을 신바닥이 부드러운 신을 신고 걸으면서 발이 미끌어지는 경우, 가파른 언덕을 한참 올라갔을 때, 해변을 걸은 경우, 신발의 발바닥이 뻣뻣한 경우, 계단에서 발을 헛디뎌 한발의 발 끝으로만 계단을 밟게 된 경우, 계속해서 발목을 바닥쪽으로 굽히고 있을 때(의자의 좌석이 높아서 발이 바닥에 닿지 않을 때, 자면서 발을 바닥쪽으로 향하게 하는 경우"
가자미근,,발과 발목이 부었다,"근육이 추위에 노출 되었을 때, 다리 길이가 짧을 때, 딱딱하고 미끄러운 길을 신바닥이 부드러운 신을 신고 걸으면서 발이 미끌어지는 경우, 가파른 언덕을 한참 올라갔을 때, 해변을 걸은 경우, 신발의 발바닥이 뻣뻣한 경우, 계단에서 발을 헛디뎌 한발의 발 끝으로만 계단을 밟게 된 경우, 계속해서 발목을 바닥쪽으로 굽히고 있을 때(의자의 좌석이 높아서 발이 바닥에 닿지 않을 때, 자면서 발을 바닥쪽으로 향하게 하는 경우"
장족지신근 ,,밤에 쥐가 난다,"자동차 가속 페달이 빡빡한 경우, 굽이 높은 신을 신었을 때, 아킬레스 건이 짧아진 경우, 달리기를 많이 한 때, 고르지 않은 길을 걸었을 때, 비골이나 경골이 골절되었을 때, 발을 발바닥쪽으로 구부린채 잠을 잤을 때"
흉쇄유돌근,,쇄골 위쪽 움푹 틀어간 곳에 근육이 좀 많이 굳어있다,"급성 또는 만성으로 무리한 경우, 머리를 앞으로 많이 내민 자세, 텔레비젼을 보거나 대화를 하면서 오래 동안 한쪽으로 고개를 돌리고 앉아 있을 때, 베개를 높이 벤 경우, 천장 페인트 칠하기, 칠판에 글씨 쓰기, 커튼 달기, 무대가 높은 극장의 앞좌석에서 관람한 경우, 자동차 사고 때 목이 휘청한 경우(편타성 손상), 기흉이나 천식으로 인한 만성 기침, 셔츠나 넥타이로 목이 조이는 경우, 요추 천자후 두통, 축농증이나 치아의 화농"
족저근,,발뒤꿈치 안쪽이 아프고 발가락을 발등쪽으로 구부리면 통증이 있다 ,"근육이 추위에 노출 되었을 때, 다리 길이가 짧을 때, 딱딱하고 미끄러운 길을 신바닥이 부드러운 신을 신고 걸으면서 발이 미끌어지는 경우, 가파른 언덕을 한참 올라갔을 때, 해변을 걸은 경우, 신발의 발바닥이 뻣뻣한 경우, 계단에서 발을 헛디뎌 한발의 발 끝으로만 계단을 밟게 된 경우, 계속해서 발목을 바닥쪽으로 굽히고 있을 때(의자의 좌석이 높아서 발이 바닥에 닿지 않을 때, 자면서 발을 바닥쪽으로 향하게 하는 경우"
광배근,,팔을 많이 쓰고 나면 등 아래쪽이 아프다.,"머리 위로 팔을 들어 올리는 활동을 많이 했을 때, 머리 위로 무거운 물건 들어 올리기, 로프에 매달리기, 외줄 타고 오르기, 야구공 던지기, 높은 곳에 있는 물건을 잡기 위해 팔을 뻗는 활동, 팔을 올려서 장시간 지속되는 작업(도배, 페인트 칠하기, 배구, 농구)을 했을 때, 몸을 숙이고 풀을 뽑거나 무리한 회전이 필요한 운동을 했을 때"
흉쇄유돌근,,목의 비대칭이 발생,"급성 또는 만성으로 무리한 경우, 머리를 앞으로 많이 내민 자세, 텔레비젼을 보거나 대화를 하면서 오래 동안 한쪽으로 고개를 돌리고 앉아 있을 때, 베개를 높이 벤 경우, 천장 페인트 칠하기, 칠판에 글씨 쓰기, 커튼 달기, 무대가 높은 극장의 앞좌석에서 관람한 경우, 자동차 사고 때 목이 휘청한 경우(편타성 손상), 기흉이나 천식으로 인한 만성 기침, 셔츠나 넥타이로 목이 조이는 경우, 요추 천자후 두통, 축농증이나 치아의 화농"
요장륵근,,허리~옆구리쪽이 많이 뭉친 느낌이 듬,"갑작스럽게 몸을 구부리면서 비트는 동작이 동시에 이루어 질 때-특히 피로하거나 차가운 환경에서, 갑작스런 부하가 주어졌을 때, 장시간 반복하거나 지속적으로 근육이 수축을 하였을 때, 평발, 편타성 손상, 오래 꼼짝하지 않고 앉아 있을 때"
요추능형근,,앉았다가 일어날때 왼쪽 엉덩이쪽에 통증이 느껴짐,"아이나 무거운 물건을 이상한 자세로 들 때, 자동차에서 내리려고 의자에서 일어나던 중, 엉거주춤하게 서서 바지를 입는 도중, 교통사고를 당했을 경우, 활동 중에 반복해서 접질린 때, 한쪽 다리에 석고붕대를 하여 다리 길이에 차이가 생겼을 때, 한쪽 골반이 작은 경우, 많이 푹신한 침대를 사용한 경우, 앞에 기대지 않은 채로 허리를 숙인 경우"
족저근,, 걷고나면 발바닥 가운데가 아프다,"근육이 추위에 노출 되었을 때, 다리 길이가 짧을 때, 딱딱하고 미끄러운 길을 신바닥이 부드러운 신을 신고 걸으면서 발이 미끌어지는 경우, 가파른 언덕을 한참 올라갔을 때, 해변을 걸은 경우, 신발의 발바닥이 뻣뻣한 경우, 계단에서 발을 헛디뎌 한발의 발 끝으로만 계단을 밟게 된 경우, 계속해서 발목을 바닥쪽으로 굽히고 있을 때(의자의 좌석이 높아서 발이 바닥에 닿지 않을 때, 자면서 발을 바닥쪽으로 향하게 하는 경우"
슬와근,,허벅지 후방에서 통증,"달리기, 축구를 하였을 때, 후방 십자인대가 손상된 경우, 심한 평발 일 때"
슬와근,,다리 부종,"달리기, 축구를 하였을 때, 후방 십자인대가 손상된 경우, 심한 평발 일 때"
늑간근,,갈비뼈 사이에 통증이 느껴진다.,"직접적인 외상, 심한 기침, 흉부 수술, 대상포진, 늑골 골절 등이 있을 때, 기흉이나 늑막염이 있을 때"
늑간근 ,,몸을 비틀거나 팔을 올릴 때 통증이 심해져서 움직임이 제한된다.,"직접적인 외상, 심한 기침, 흉부 수술, 대상포진, 늑골 골절 등이 있을 때, 기흉이나 늑막염이 있을 때"
족저근,, 아킬레스건 쪽이 아프다,"근육이 추위에 노출 되었을 때, 다리 길이가 짧을 때, 딱딱하고 미끄러운 길을 신바닥이 부드러운 신을 신고 걸으면서 발이 미끌어지는 경우, 가파른 언덕을 한참 올라갔을 때, 해변을 걸은 경우, 신발의 발바닥이 뻣뻣한 경우, 계단에서 발을 헛디뎌 한발의 발 끝으로만 계단을 밟게 된 경우, 계속해서 발목을 바닥쪽으로 굽히고 있을 때(의자의 좌석이 높아서 발이 바닥에 닿지 않을 때, 자면서 발을 바닥쪽으로 향하게 하는 경우"
이두박근,,팔 앞쪽에 통증이 느껴지고 팔꿈치를 구부리거나 펼떄 통증이 느껴진다.,"손바닥을 위로 보게한 채 무거운 물건을 들었을 때, 나사못을 박기 위해 드라이버를 많이 사용한 경우, 눈을 치운 경우"
상완근,,팔이 잘 안굽혀지고 엄지손가락이 아프다. ,"팔꿈치를 구부린 채 무거운 물건을 들 때, 다리미질을 오래 하였을 때"
능형근,,갈비뼈 아랫부분 팔뚝 까지 통증이느껴진다,"천장에 페인트를 칠할 때, 글을 쓰거나 바느질을 하면서 등이 굽은 자세로 오래 있을 때 "
족저근,,발뒤꿈치에 통증이 있다.,"근육이 추위에 노출 되었을 때, 다리 길이가 짧을 때, 딱딱하고 미끄러운 길을 신바닥이 부드러운 신을 신고 걸으면서 발이 미끌어지는 경우, 가파른 언덕을 한참 올라갔을 때, 해변을 걸은 경우, 신발의 발바닥이 뻣뻣한 경우, 계단에서 발을 헛디뎌 한발의 발 끝으로만 계단을 밟게 된 경우, 계속해서 발목을 바닥쪽으로 굽히고 있을 때(의자의 좌석이 높아서 발이 바닥에 닿지 않을 때, 자면서 발을 바닥쪽으로 향하게 하는 경우"
족저근,,발 안쪽 아치에 통증이 있다.,"근육이 추위에 노출 되었을 때, 다리 길이가 짧을 때, 딱딱하고 미끄러운 길을 신바닥이 부드러운 신을 신고 걸으면서 발이 미끌어지는 경우, 가파른 언덕을 한참 올라갔을 때, 해변을 걸은 경우, 신발의 발바닥이 뻣뻣한 경우, 계단에서 발을 헛디뎌 한발의 발 끝으로만 계단을 밟게 된 경우, 계속해서 발목을 바닥쪽으로 굽히고 있을 때(의자의 좌석이 높아서 발이 바닥에 닿지 않을 때, 자면서 발을 바닥쪽으로 향하게 하는 경우"
족저근,,발목을 위로 젖히거나 까치발 드는 동작이 어렵다.,"근육이 추위에 노출 되었을 때, 다리 길이가 짧을 때, 딱딱하고 미끄러운 길을 신바닥이 부드러운 신을 신고 걸으면서 발이 미끌어지는 경우, 가파른 언덕을 한참 올라갔을 때, 해변을 걸은 경우, 신발의 발바닥이 뻣뻣한 경우, 계단에서 발을 헛디뎌 한발의 발 끝으로만 계단을 밟게 된 경우, 계속해서 발목을 바닥쪽으로 굽히고 있을 때(의자의 좌석이 높아서 발이 바닥에 닿지 않을 때, 자면서 발을 바닥쪽으로 향하게 하는 경우"
내전근,,앉거나 일어설 때 허벅지 안쪽이 아프다.,"얼음 위에서 미끄러지면서 다리 가랭이가 벌어지지 않게 하려고 힘을 주었을 때, 고관절의 퇴행성관절염, 오랫동안 같은 자세로 운전을 했을 때"
내전근,,생식기 부분이 뻐근하거나 떨린다.,"얼음 위에서 미끄러지면서 다리 가랭이가 벌어지지 않게 하려고 힘을 주었을 때, 고관절의 퇴행성관절염, 오랫동안 같은 자세로 운전을 했을 때"
장요근 ,,사타구니에 통증이 있다.,"운전석에 앉는 것처럼 고관절을 많이 구부리고 오래 앉아 있을 때, 쪼그리고 잠을 잔 경우, 임신, 일어났다 앉았다를 반복한 경우, 다리 길이가 차이나는 경우"
장요근 ,,앉았다가 일어설 때 허리를 피기 어렵다.,"운전석에 앉는 것처럼 고관절을 많이 구부리고 오래 앉아 있을 때, 쪼그리고 잠을 잔 경우, 임신, 일어났다 앉았다를 반복한 경우, 다리 길이가 차이나는 경우"
다열근,,목 뒤에서 통증이 느껴진다.,"교통사고나 수영장에서 다이빙을 하다가 머리를 부딪치는 경우, 오랫동안 고개를 숙이고 있는 경우, 엎드려서 텔레비젼을 보는 경우, 무거운 코트의 단단한 목칼라가 목을 누르는 경우, 바느질을 하거나, 책을 읽거나 글을 쓰고, 컴퓨터를 다루면서 계속 목을 앞으로 숙이고 있을 때"
다열근,,흉추 중간 또는 위가 아프다.,"교통사고나 수영장에서 다이빙을 하다가 머리를 부딪치는 경우, 오랫동안 고개를 숙이고 있는 경우, 엎드려서 텔레비젼을 보는 경우, 무거운 코트의 단단한 목칼라가 목을 누르는 경우, 바느질을 하거나, 책을 읽거나 글을 쓰고, 컴퓨터를 다루면서 계속 목을 앞으로 숙이고 있을 때"
다열근,,복부경련이 있다.,"교통사고나 수영장에서 다이빙을 하다가 머리를 부딪치는 경우, 오랫동안 고개를 숙이고 있는 경우, 엎드려서 텔레비젼을 보는 경우, 무거운 코트의 단단한 목칼라가 목을 누르는 경우, 바느질을 하거나, 책을 읽거나 글을 쓰고, 컴퓨터를 다루면서 계속 목을 앞으로 숙이고 있을 때"
전경골근,,발등을 들때 정강이가 아프다.,"발목에 염좌나 골절이 있을 때, 바닥이 험한 길을 걸었을 때"
